ID,Name,Nationality,Club,Position,Age,Value_M_Euro,Wage_K_Euro,Speed,Finishing,Passing,Defense,Stamina,Source
1,"Kylian Mbappé",France,"Real Madrid",ST,25,180,450,97,92,80,36,85,FIFA25_Official
2,"Erling Haaland",Norway,"Man City",ST,23,180,450,89,95,66,45,85,FIFA25_Official
3,"Jude Bellingham",England,"Real Madrid",CAM,20,180,450,82,82,90,78,85,FIFA25_Official
4,"Vinícius Júnior",Brazil,"Real Madrid",LW,23,160,400,95,85,79,30,85,FIFA25_Official
5,"Rodri",Spain,"Man City",CDM,27,120,300,70,72,92,89,85,FIFA25_Official
6,"Bukayo Saka",England,"Arsenal",RW,22,140,350,89,83,86,56,85,FIFA25_Official
7,"Harry Kane",England,"Bayern Munich",ST,30,110,275,74,94,87,46,85,FIFA25_Official
8,"Mohamed Salah",Egypt,"Liverpool",RW,31,55,137,89,90,82,45,85,FIFA25_Official
9,"William Saliba",France,"Arsenal",CB,23,80,200,83,32,77,90,85,FIFA25_Official
10,"Lamine Yamal",Spain,"Barcelona",RW,16,120,300,91,81,84,33,85,FIFA25_Official
11,"Florian Wirtz",Germany,"Leverkusen",CAM,21,130,325,82,83,91,52,85,FIFA25_Official
12,"Declan Rice",England,"Arsenal",CDM,25,120,300,78,70,84,88,85,FIFA25_Official
13,"Rafael Leão",Portugal,"AC Milan",LW,24,90,225,93,82,79,34,85,FIFA25_Official
14,"Lautaro Martínez",Argentina,"Inter Milan",ST,26,110,275,81,90,76,49,85,FIFA25_Official
15,"Federico Valverde",Uruguay,"Real Madrid",CM,25,120,300,88,78,86,81,85,FIFA25_Official
16,"Viktor Gyökeres",Sweden,"Sporting CP",ST,26,65,162,88,87,74,45,85,FIFA25_Official
17,"Alphonso Davies",Canada,"Bayern Munich",LB,23,50,125,96,67,78,75,85,FIFA25_Official
18,"Enzo Silva",France,"Benfica",CB,22,11,33,62,62,62,82,67,Estimated_Market_Data
19,"Ryan Müller",Brazil,"Ajax",CB,25,7,21,61,61,61,81,66,Estimated_Market_Data
20,"Leo Kim",Brazil,"Benfica",LB,27,15,45,62,62,62,82,67,Estimated_Market_Data
21,"Theo Walker",USA,"Newcastle",ST,33,67,201,88,93,73,73,78,Estimated_Market_Data
22,"Noah Gomez",Japan,"Chelsea",LB,26,14,42,62,62,62,82,67,Estimated_Market_Data
23,"Santi Costa",Germany,"Benfica",LW,17,13,39,77,62,62,62,67,Estimated_Market_Data
24,"Theo Silva",Senegal,"Benfica",LW,20,2,6,75,60,60,60,65,Estimated_Market_Data
25,"Enzo O'Neill",Brazil,"Monaco",RW,22,94,282,93,78,78,78,83,Estimated_Market_Data
26,"Theo Gomez",Germany,"Ajax",ST,32,7,21,76,81,61,61,66,Estimated_Market_Data
27,"Hugo Müller",USA,"Benfica",CDM,20,13,39,62,62,77,62,67,Estimated_Market_Data
28,"Ryan Müller",Netherlands,"Ajax",CAM,30,7,21,61,61,76,61,66,Estimated_Market_Data
29,"Alex Silva",Brazil,"Ajax",LW,31,7,21,76,61,61,61,66,Estimated_Market_Data
30,"Mateo Santos",Brazil,"Nice",LW,31,11,33,77,62,62,62,67,Estimated_Market_Data
31,"Alex Santos",France,"Dortmund",RW,22,3,9,75,60,60,60,65,Estimated_Market_Data
32,"Alex Costa",France,"Napoli",GK,19,47,141,69,69,69,69,74,Estimated_Market_Data
33,"Leo O'Neill",Japan,"Benfica",RB,25,7,21,61,61,61,81,66,Estimated_Market_Data
34,"Ryan Walker",Portugal,"Nice",CB,31,3,9,60,60,60,80,65,Estimated_Market_Data
35,"Ryan Müller",Japan,"Napoli",RW,33,14,42,77,62,62,62,67,Estimated_Market_Data
36,"Ryan O'Neill",USA,"Villa",LB,26,15,45,62,62,62,82,67,Estimated_Market_Data
37,"Enzo Costa",Germany,"Man Utd",CM,23,14,42,62,62,77,62,67,Estimated_Market_Data
38,"Ryan Walker",France,"Ajax",ST,23,10,30,76,81,61,61,66,Estimated_Market_Data
39,"Liam Ivanov",Senegal,"Newcastle",RB,20,15,45,62,62,62,82,67,Estimated_Market_Data
40,"Enzo Santos",Belgium,"Napoli",CM,17,4,12,60,60,75,60,65,Estimated_Market_Data
41,"Santi Lee",Belgium,"Chelsea",CB,21,7,21,61,61,61,81,66,Estimated_Market_Data
42,"Leo Costa",Belgium,"Dortmund",CM,29,11,33,62,62,77,62,67,Estimated_Market_Data
43,"Liam Silva",France,"Napoli",CDM,28,1,3,60,60,75,60,65,Estimated_Market_Data
44,"James Gomez",Japan,"Benfica",CM,27,7,21,61,61,76,61,66,Estimated_Market_Data
45,"Noah Ivanov",France,"Ajax",LB,32,10,30,61,61,61,81,66,Estimated_Market_Data
46,"Liam Müller",Brazil,"Villa",CDM,26,1,3,60,60,75,60,65,Estimated_Market_Data
47,"Ryan Costa",Italy,"Monaco",RB,21,10,30,61,61,61,81,66,Estimated_Market_Data
48,"James Silva",Netherlands,"Ajax",RW,28,10,30,76,61,61,61,66,Estimated_Market_Data
49,"Hugo Walker",Netherlands,"Monaco",LB,21,1,3,60,60,60,80,65,Estimated_Market_Data
50,"Mateo Gomez",France,"Monaco",CAM,18,10,30,61,61,76,61,66,Estimated_Market_Data
51,"Theo Müller",Brazil,"Villa",RW,29,1,3,75,60,60,60,65,Estimated_Market_Data
52,"Theo O'Neill",Senegal,"Monaco",RB,23,10,30,61,61,61,81,66,Estimated_Market_Data
53,"Alex Walker",Argentina,"Napoli",RW,27,40,120,82,67,67,67,72,Estimated_Market_Data
54,"Leo Gomez",Brazil,"Ajax",RB,32,1,3,60,60,60,80,65,Estimated_Market_Data
55,"Theo Müller",Senegal,"Chelsea",ST,33,8,24,76,81,61,61,66,Estimated_Market_Data
56,"Enzo Costa",USA,"Lazio",RW,22,14,42,77,62,62,62,67,Estimated_Market_Data
57,"Alex Silva",Germany,"Man Utd",CAM,25,38,114,67,67,82,67,72,Estimated_Market_Data
58,"Leo Müller",Senegal,"Dortmund",CAM,23,15,45,62,62,77,62,67,Estimated_Market_Data
59,"Santi Lee",Italy,"Newcastle",CM,23,2,6,60,60,75,60,65,Estimated_Market_Data
60,"Ryan Walker",Germany,"Leipzig",ST,31,5,15,75,80,60,60,65,Estimated_Market_Data
61,"Theo O'Neill",USA,"Man Utd",RB,22,14,42,62,62,62,82,67,Estimated_Market_Data
62,"Enzo Gomez",Brazil,"Ajax",LB,34,32,96,66,66,66,86,71,Estimated_Market_Data
63,"Enzo Müller",Spain,"Lazio",CAM,20,8,24,61,61,76,61,66,Estimated_Market_Data
64,"Liam Gomez",Belgium,"Ajax",LB,17,9,27,61,61,61,81,66,Estimated_Market_Data
65,"Santi Santos",Brazil,"Spurs",GK,18,6,18,61,61,61,61,66,Estimated_Market_Data
66,"Santi Silva",Belgium,"Dortmund",GK,34,9,27,61,61,61,61,66,Estimated_Market_Data
67,"Hugo Silva",Senegal,"Lazio",LW,31,3,9,75,60,60,60,65,Estimated_Market_Data
68,"Theo Ivanov",Germany,"Roma",RB,30,5,15,60,60,60,80,65,Estimated_Market_Data
69,"Mateo Müller",Netherlands,"Benfica",ST,28,1,3,75,80,60,60,65,Estimated_Market_Data
70,"Ryan Dubois",France,"Newcastle",LB,26,7,21,61,61,61,81,66,Estimated_Market_Data
71,"Leo Dubois",Germany,"Dortmund",LB,26,11,33,62,62,62,82,67,Estimated_Market_Data
72,"Lucas Silva",Argentina,"Nice",RW,19,62,186,87,72,72,72,77,Estimated_Market_Data
73,"Ryan Santos",USA,"Ajax",CAM,23,2,6,60,60,75,60,65,Estimated_Market_Data
74,"Mateo O'Neill",USA,"Napoli",GK,34,5,15,60,60,60,60,65,Estimated_Market_Data
75,"Enzo Santos",Japan,"Spurs",RB,27,13,39,62,62,62,82,67,Estimated_Market_Data
76,"Leo O'Neill",Japan,"Benfica",LB,23,39,117,67,67,67,87,72,Estimated_Market_Data
77,"Santi Lee",Argentina,"Benfica",RB,28,15,45,62,62,62,82,67,Estimated_Market_Data
78,"Mateo Costa",Belgium,"Nice",RB,30,6,18,61,61,61,81,66,Estimated_Market_Data
79,"Leo Kim",Belgium,"Villa",CAM,28,5,15,60,60,75,60,65,Estimated_Market_Data
80,"Santi Santos",Argentina,"Chelsea",CAM,29,14,42,62,62,77,62,67,Estimated_Market_Data
81,"Liam Silva",Portugal,"Man Utd",CDM,29,2,6,60,60,75,60,65,Estimated_Market_Data
82,"Santi Müller",USA,"Napoli",CB,18,36,108,67,67,67,87,72,Estimated_Market_Data
83,"Theo Müller",USA,"Napoli",CDM,27,15,45,62,62,77,62,67,Estimated_Market_Data
84,"Hugo Lee",Argentina,"Ajax",CDM,26,1,3,60,60,75,60,65,Estimated_Market_Data
85,"Leo Walker",France,"Spurs",CDM,28,8,24,61,61,76,61,66,Estimated_Market_Data
86,"Leo Walker",Germany,"Leipzig",CM,20,1,3,60,60,75,60,65,Estimated_Market_Data
87,"Alex Santos",Germany,"Villa",CAM,26,14,42,62,62,77,62,67,Estimated_Market_Data
88,"Hugo Costa",Italy,"Dortmund",CAM,30,1,3,60,60,75,60,65,Estimated_Market_Data
89,"James Santos",Brazil,"Lazio",LW,22,12,36,77,62,62,62,67,Estimated_Market_Data
90,"Noah Silva",USA,"Ajax",RB,17,11,33,62,62,62,82,67,Estimated_Market_Data
91,"Santi O'Neill",Japan,"Spurs",CB,33,1,3,60,60,60,80,65,Estimated_Market_Data
92,"Alex Walker",Spain,"Spurs",RB,19,49,147,69,69,69,89,74,Estimated_Market_Data
93,"Liam Santos",Italy,"Napoli",ST,20,94,282,93,98,78,78,83,Estimated_Market_Data
94,"Mateo Costa",France,"Roma",ST,32,3,9,75,80,60,60,65,Estimated_Market_Data
95,"Leo Müller",Japan,"Monaco",CAM,17,8,24,61,61,76,61,66,Estimated_Market_Data
96,"James Lee",Italy,"Dortmund",CAM,26,39,117,67,67,82,67,72,Estimated_Market_Data
97,"Leo Dubois",Belgium,"Newcastle",CDM,21,10,30,61,61,76,61,66,Estimated_Market_Data
98,"Noah Dubois",Japan,"Lazio",CM,17,47,141,69,69,84,69,74,Estimated_Market_Data
99,"Santi Silva",Brazil,"Man Utd",LW,30,5,15,75,60,60,60,65,Estimated_Market_Data
100,"Lucas Silva",Japan,"Napoli",ST,34,10,30,76,81,61,61,66,Estimated_Market_Data
101,"James Santos",Senegal,"Ajax",LB,28,8,24,61,61,61,81,66,Estimated_Market_Data
102,"Liam Müller",Spain,"Leipzig",ST,31,11,33,77,82,62,62,67,Estimated_Market_Data
103,"Mateo Kim",Brazil,"Lazio",CDM,30,5,15,60,60,75,60,65,Estimated_Market_Data
104,"Leo Lee",Portugal,"Leipzig",LW,28,14,42,77,62,62,62,67,Estimated_Market_Data
105,"Lucas Kim",Netherlands,"Leipzig",RW,26,5,15,75,60,60,60,65,Estimated_Market_Data
106,"Noah Ivanov",Japan,"Villa",GK,20,3,9,60,60,60,60,65,Estimated_Market_Data
107,"Hugo Santos",Argentina,"Dortmund",LB,26,5,15,60,60,60,80,65,Estimated_Market_Data
108,"Alex Costa",France,"Roma",ST,33,8,24,76,81,61,61,66,Estimated_Market_Data
109,"Liam Lee",Netherlands,"Nice",CAM,32,5,15,60,60,75,60,65,Estimated_Market_Data
110,"Lucas Ivanov",Netherlands,"Ajax",CAM,20,4,12,60,60,75,60,65,Estimated_Market_Data
111,"Theo Santos",Spain,"Chelsea",CAM,23,3,9,60,60,75,60,65,Estimated_Market_Data
112,"Noah Ivanov",Argentina,"Newcastle",CB,25,13,39,62,62,62,82,67,Estimated_Market_Data
113,"Enzo Lee",Brazil,"Dortmund",LW,18,4,12,75,60,60,60,65,Estimated_Market_Data
114,"James Silva",USA,"Benfica",CAM,31,15,45,62,62,77,62,67,Estimated_Market_Data
115,"Liam Müller",Argentina,"Napoli",CM,34,3,9,60,60,75,60,65,Estimated_Market_Data
116,"Noah Dubois",Senegal,"Villa",LB,17,2,6,60,60,60,80,65,Estimated_Market_Data
117,"Leo Ivanov",Senegal,"Lazio",LB,24,12,36,62,62,62,82,67,Estimated_Market_Data
118,"Noah Costa",Brazil,"Man Utd",ST,30,11,33,77,82,62,62,67,Estimated_Market_Data
119,"Santi Kim",Portugal,"Leipzig",CB,32,15,45,62,62,62,82,67,Estimated_Market_Data
120,"Leo Kim",Argentina,"Chelsea",RW,29,7,21,76,61,61,61,66,Estimated_Market_Data
121,"Noah O'Neill",Japan,"Ajax",CM,20,4,12,60,60,75,60,65,Estimated_Market_Data
122,"Enzo O'Neill",Argentina,"Villa",CB,17,4,12,60,60,60,80,65,Estimated_Market_Data
123,"Theo Ivanov",Argentina,"Newcastle",LB,25,1,3,60,60,60,80,65,Estimated_Market_Data
124,"Leo Silva",USA,"Dortmund",CM,33,7,21,61,61,76,61,66,Estimated_Market_Data
125,"Liam Ivanov",Italy,"Villa",RB,27,37,111,67,67,67,87,72,Estimated_Market_Data
126,"Hugo Walker",Netherlands,"Napoli",RW,33,11,33,77,62,62,62,67,Estimated_Market_Data
127,"Leo Costa",Senegal,"Villa",CM,22,9,27,61,61,76,61,66,Estimated_Market_Data
128,"Lucas Dubois",Spain,"Lazio",CB,30,13,39,62,62,62,82,67,Estimated_Market_Data
129,"Ryan Walker",Brazil,"Chelsea",LB,19,11,33,62,62,62,82,67,Estimated_Market_Data
130,"Alex Lee",Belgium,"Roma",LW,18,9,27,76,61,61,61,66,Estimated_Market_Data
131,"Enzo O'Neill",Spain,"Lazio",GK,17,7,21,61,61,61,61,66,Estimated_Market_Data
132,"Liam Dubois",Argentina,"Ajax",ST,27,10,30,76,81,61,61,66,Estimated_Market_Data
133,"Leo Gomez",Spain,"Newcastle",GK,27,6,18,61,61,61,61,66,Estimated_Market_Data
134,"Hugo Santos",Portugal,"Man Utd",ST,29,45,135,83,88,68,68,73,Estimated_Market_Data
135,"Liam Dubois",Portugal,"Benfica",GK,23,41,123,67,67,67,67,72,Estimated_Market_Data
136,"Ryan Silva",Spain,"Newcastle",RW,32,1,3,75,60,60,60,65,Estimated_Market_Data
137,"Alex Gomez",Italy,"Newcastle",RW,20,9,27,76,61,61,61,66,Estimated_Market_Data
138,"Noah Lee",Belgium,"Chelsea",CDM,25,10,30,61,61,76,61,66,Estimated_Market_Data
139,"Hugo Lee",Argentina,"Chelsea",CB,24,9,27,61,61,61,81,66,Estimated_Market_Data
140,"Alex Müller",Spain,"Monaco",RB,30,11,33,62,62,62,82,67,Estimated_Market_Data
141,"Theo Costa",Belgium,"Leipzig",CM,25,3,9,60,60,75,60,65,Estimated_Market_Data
142,"Mateo Müller",Germany,"Nice",GK,22,11,33,62,62,62,62,67,Estimated_Market_Data
143,"Lucas Lee",Spain,"Man Utd",RW,29,10,30,76,61,61,61,66,Estimated_Market_Data
144,"Ryan Lee",Spain,"Man Utd",CAM,28,1,3,60,60,75,60,65,Estimated_Market_Data
145,"James Gomez",Belgium,"Spurs",CAM,24,38,114,67,67,82,67,72,Estimated_Market_Data
146,"Leo Costa",Senegal,"Nice",CAM,30,3,9,60,60,75,60,65,Estimated_Market_Data
147,"Liam Costa",France,"Nice",CB,27,1,3,60,60,60,80,65,Estimated_Market_Data
148,"Enzo Santos",Belgium,"Leipzig",LW,21,53,159,85,70,70,70,75,Estimated_Market_Data
149,"Leo Costa",Brazil,"Monaco",GK,29,14,42,62,62,62,62,67,Estimated_Market_Data
150,"Hugo Lee",USA,"Napoli",CDM,30,15,45,62,62,77,62,67,Estimated_Market_Data
151,"Ryan Müller",Japan,"Dortmund",CB,17,14,42,62,62,62,82,67,Estimated_Market_Data
152,"Theo Silva",Senegal,"Roma",CB,25,5,15,60,60,60,80,65,Estimated_Market_Data
153,"Liam Müller",Italy,"Lazio",ST,19,51,153,84,89,69,69,74,Estimated_Market_Data
154,"Theo Ivanov",Spain,"Nice",CDM,24,12,36,62,62,77,62,67,Estimated_Market_Data
155,"Leo Walker",USA,"Lazio",RB,26,2,6,60,60,60,80,65,Estimated_Market_Data
156,"Mateo Silva",France,"Villa",RB,18,14,42,62,62,62,82,67,Estimated_Market_Data
157,"Lucas Dubois",Germany,"Monaco",CB,30,3,9,60,60,60,80,65,Estimated_Market_Data
158,"Lucas Ivanov",Italy,"Napoli",LB,26,8,24,61,61,61,81,66,Estimated_Market_Data
159,"Santi Gomez",Spain,"Newcastle",LB,20,5,15,60,60,60,80,65,Estimated_Market_Data
160,"Noah Gomez",Japan,"Leipzig",CAM,33,40,120,67,67,82,67,72,Estimated_Market_Data
161,"Santi Ivanov",Senegal,"Monaco",CM,20,7,21,61,61,76,61,66,Estimated_Market_Data
162,"Ryan O'Neill",Argentina,"Benfica",LW,25,12,36,77,62,62,62,67,Estimated_Market_Data
163,"Alex Costa",Brazil,"Monaco",RB,32,3,9,60,60,60,80,65,Estimated_Market_Data
164,"Theo O'Neill",Brazil,"Man Utd",CAM,17,7,21,61,61,76,61,66,Estimated_Market_Data
165,"James O'Neill",Germany,"Man Utd",CDM,33,15,45,62,62,77,62,67,Estimated_Market_Data
166,"Ryan Silva",Senegal,"Newcastle",ST,28,15,45,77,82,62,62,67,Estimated_Market_Data
167,"Enzo Müller",Japan,"Dortmund",CM,24,5,15,60,60,75,60,65,Estimated_Market_Data
168,"Santi Kim",Germany,"Dortmund",CAM,31,3,9,60,60,75,60,65,Estimated_Market_Data
169,"Enzo Gomez",Belgium,"Ajax",GK,17,15,45,62,62,62,62,67,Estimated_Market_Data
170,"Lucas Dubois",Senegal,"Villa",RW,18,2,6,75,60,60,60,65,Estimated_Market_Data
171,"James Lee",Argentina,"Newcastle",CM,23,3,9,60,60,75,60,65,Estimated_Market_Data
172,"Noah Silva",Japan,"Ajax",LB,17,7,21,61,61,61,81,66,Estimated_Market_Data
173,"Ryan Müller",Argentina,"Monaco",LW,29,38,114,82,67,67,67,72,Estimated_Market_Data
174,"Noah Gomez",Germany,"Man Utd",CDM,24,11,33,62,62,77,62,67,Estimated_Market_Data
175,"Alex Dubois",USA,"Lazio",ST,20,1,3,75,80,60,60,65,Estimated_Market_Data
176,"Leo Costa",Netherlands,"Lazio",RW,29,15,45,77,62,62,62,67,Estimated_Market_Data
177,"Theo Lee",France,"Villa",RB,25,15,45,62,62,62,82,67,Estimated_Market_Data
178,"Hugo Walker",Argentina,"Lazio",ST,23,2,6,75,80,60,60,65,Estimated_Market_Data
179,"Enzo Kim",Senegal,"Roma",CB,19,6,18,61,61,61,81,66,Estimated_Market_Data
180,"Ryan Silva",Netherlands,"Spurs",RB,22,39,117,67,67,67,87,72,Estimated_Market_Data
181,"Noah Gomez",Belgium,"Ajax",RB,33,5,15,60,60,60,80,65,Estimated_Market_Data
182,"Noah Dubois",Spain,"Dortmund",LW,22,12,36,77,62,62,62,67,Estimated_Market_Data
183,"James Walker",Germany,"Man Utd",CAM,25,15,45,62,62,77,62,67,Estimated_Market_Data
184,"James Kim",Brazil,"Spurs",CB,22,2,6,60,60,60,80,65,Estimated_Market_Data
185,"Mateo Santos",Netherlands,"Napoli",CDM,29,1,3,60,60,75,60,65,Estimated_Market_Data
186,"Santi Silva",Japan,"Villa",CDM,27,14,42,62,62,77,62,67,Estimated_Market_Data
187,"Noah Lee",Spain,"Ajax",RB,30,8,24,61,61,61,81,66,Estimated_Market_Data
188,"Enzo Costa",Germany,"Napoli",CM,30,14,42,62,62,77,62,67,Estimated_Market_Data
189,"Alex Santos",Spain,"Benfica",CAM,28,4,12,60,60,75,60,65,Estimated_Market_Data
190,"Alex Müller",Germany,"Monaco",LB,25,13,39,62,62,62,82,67,Estimated_Market_Data
191,"Enzo Silva",Brazil,"Monaco",LW,19,4,12,75,60,60,60,65,Estimated_Market_Data
192,"Hugo Müller",Senegal,"Nice",ST,20,11,33,77,82,62,62,67,Estimated_Market_Data
193,"Hugo O'Neill",Netherlands,"Dortmund",CB,23,7,21,61,61,61,81,66,Estimated_Market_Data
194,"Hugo O'Neill",Brazil,"Lazio",RB,25,9,27,61,61,61,81,66,Estimated_Market_Data
195,"Ryan Kim",Argentina,"Chelsea",LW,18,11,33,77,62,62,62,67,Estimated_Market_Data
196,"Santi Lee",France,"Monaco",CM,29,8,24,61,61,76,61,66,Estimated_Market_Data
197,"Hugo Silva",Netherlands,"Leipzig",CM,17,12,36,62,62,77,62,67,Estimated_Market_Data
198,"Lucas O'Neill",Senegal,"Leipzig",CB,32,14,42,62,62,62,82,67,Estimated_Market_Data
199,"Ryan Costa",Spain,"Leipzig",CM,20,12,36,62,62,77,62,67,Estimated_Market_Data
200,"Lucas Santos",Italy,"Monaco",GK,29,7,21,61,61,61,61,66,Estimated_Market_Data
201,"Santi Costa",Italy,"Roma",RW,21,6,18,76,61,61,61,66,Estimated_Market_Data
202,"Enzo Silva",Netherlands,"Roma",GK,33,4,12,60,60,60,60,65,Estimated_Market_Data
203,"Noah Silva",Netherlands,"Chelsea",LB,29,10,30,61,61,61,81,66,Estimated_Market_Data
204,"Lucas Costa",Brazil,"Man Utd",LB,17,1,3,60,60,60,80,65,Estimated_Market_Data
205,"Enzo Ivanov",Netherlands,"Dortmund",ST,33,8,24,76,81,61,61,66,Estimated_Market_Data
206,"Leo Walker",USA,"Lazio",CB,28,30,90,65,65,65,85,70,Estimated_Market_Data
207,"Enzo Gomez",France,"Man Utd",RB,17,20,60,63,63,63,83,68,Estimated_Market_Data
208,"Lucas Lee",Japan,"Newcastle",CDM,19,13,39,62,62,77,62,67,Estimated_Market_Data
209,"Alex Ivanov",Spain,"Chelsea",CB,21,12,36,62,62,62,82,67,Estimated_Market_Data
210,"Ryan Gomez",Italy,"Napoli",RW,17,4,12,75,60,60,60,65,Estimated_Market_Data
211,"Leo Lee",USA,"Chelsea",ST,17,13,39,77,82,62,62,67,Estimated_Market_Data
212,"Leo Dubois",Japan,"Newcastle",CM,34,7,21,61,61,76,61,66,Estimated_Market_Data
213,"Lucas Walker",Germany,"Spurs",GK,20,7,21,61,61,61,61,66,Estimated_Market_Data
214,"Lucas Müller",Belgium,"Napoli",CM,20,1,3,60,60,75,60,65,Estimated_Market_Data
215,"Mateo Müller",Italy,"Lazio",RW,29,55,165,85,70,70,70,75,Estimated_Market_Data
216,"Leo Müller",USA,"Napoli",CM,30,31,93,66,66,81,66,71,Estimated_Market_Data
217,"Alex Silva",Senegal,"Roma",CAM,29,2,6,60,60,75,60,65,Estimated_Market_Data
218,"Hugo Müller",France,"Monaco",RW,33,9,27,76,61,61,61,66,Estimated_Market_Data
219,"Theo Santos",Brazil,"Nice",LB,23,8,24,61,61,61,81,66,Estimated_Market_Data
220,"Theo Walker",USA,"Newcastle",GK,29,13,39,62,62,62,62,67,Estimated_Market_Data
221,"Enzo Ivanov",France,"Nice",RW,21,11,33,77,62,62,62,67,Estimated_Market_Data
222,"Enzo Lee",Belgium,"Man Utd",LW,21,14,42,77,62,62,62,67,Estimated_Market_Data
223,"Lucas Lee",Portugal,"Ajax",RB,34,12,36,62,62,62,82,67,Estimated_Market_Data
224,"Theo Müller",Portugal,"Dortmund",CAM,24,4,12,60,60,75,60,65,Estimated_Market_Data
225,"Liam Ivanov",Spain,"Chelsea",CM,34,10,30,61,61,76,61,66,Estimated_Market_Data
226,"James Dubois",France,"Ajax",GK,27,31,93,66,66,66,66,71,Estimated_Market_Data
227,"Alex O'Neill",Japan,"Napoli",CB,25,8,24,61,61,61,81,66,Estimated_Market_Data
228,"James Lee",France,"Leipzig",CDM,33,39,117,67,67,82,67,72,Estimated_Market_Data
229,"James Kim",Netherlands,"Newcastle",GK,23,1,3,60,60,60,60,65,Estimated_Market_Data
230,"Mateo Dubois",Brazil,"Man Utd",LW,20,3,9,75,60,60,60,65,Estimated_Market_Data
231,"Santi Walker",Netherlands,"Roma",CDM,33,9,27,61,61,76,61,66,Estimated_Market_Data
232,"Ryan Gomez",Italy,"Monaco",CM,31,5,15,60,60,75,60,65,Estimated_Market_Data
233,"Mateo Kim",Italy,"Monaco",RW,18,15,45,77,62,62,62,67,Estimated_Market_Data
234,"James Silva",Portugal,"Newcastle",CB,20,20,60,63,63,63,83,68,Estimated_Market_Data
235,"Leo Müller",Belgium,"Chelsea",LB,33,40,120,67,67,67,87,72,Estimated_Market_Data
236,"Lucas Müller",Japan,"Spurs",RW,22,14,42,77,62,62,62,67,Estimated_Market_Data
237,"Theo Müller",Belgium,"Benfica",CB,33,4,12,60,60,60,80,65,Estimated_Market_Data
238,"Lucas Walker",Japan,"Man Utd",RW,33,12,36,77,62,62,62,67,Estimated_Market_Data
239,"Noah Silva",Spain,"Monaco",CDM,18,8,24,61,61,76,61,66,Estimated_Market_Data
240,"Leo Ivanov",USA,"Napoli",CM,28,35,105,66,66,81,66,71,Estimated_Market_Data
241,"Noah Santos",Portugal,"Benfica",RW,23,3,9,75,60,60,60,65,Estimated_Market_Data
242,"Lucas Ivanov",Argentina,"Spurs",CB,18,14,42,62,62,62,82,67,Estimated_Market_Data
243,"Mateo Lee",Japan,"Monaco",CM,20,12,36,62,62,77,62,67,Estimated_Market_Data
244,"Alex Lee",Netherlands,"Villa",CDM,23,23,69,64,64,79,64,69,Estimated_Market_Data
245,"Hugo Kim",France,"Newcastle",CDM,24,8,24,61,61,76,61,66,Estimated_Market_Data
246,"Hugo Costa",Spain,"Nice",LB,28,1,3,60,60,60,80,65,Estimated_Market_Data
247,"Theo Costa",Spain,"Dortmund",RB,26,11,33,62,62,62,82,67,Estimated_Market_Data
248,"Liam Lee",Belgium,"Dortmund",LW,33,31,93,81,66,66,66,71,Estimated_Market_Data
249,"Enzo Lee",Portugal,"Nice",CB,31,4,12,60,60,60,80,65,Estimated_Market_Data
250,"Liam Lee",Senegal,"Villa",LB,33,8,24,61,61,61,81,66,Estimated_Market_Data
251,"Noah Dubois",Netherlands,"Newcastle",LB,34,22,66,64,64,64,84,69,Estimated_Market_Data
252,"Santi Santos",Belgium,"Lazio",CM,21,2,6,60,60,75,60,65,Estimated_Market_Data
253,"Liam Kim",France,"Chelsea",CDM,34,8,24,61,61,76,61,66,Estimated_Market_Data
254,"Alex Santos",Netherlands,"Roma",CM,19,26,78,65,65,80,65,70,Estimated_Market_Data
255,"Hugo Gomez",Senegal,"Monaco",CAM,19,15,45,62,62,77,62,67,Estimated_Market_Data
256,"Mateo O'Neill",USA,"Benfica",CDM,28,2,6,60,60,75,60,65,Estimated_Market_Data
257,"Hugo Costa",Germany,"Villa",RW,31,9,27,76,61,61,61,66,Estimated_Market_Data
258,"Enzo Silva",Senegal,"Spurs",CDM,34,1,3,60,60,75,60,65,Estimated_Market_Data
259,"Leo O'Neill",USA,"Benfica",RW,26,7,21,76,61,61,61,66,Estimated_Market_Data
260,"Liam Kim",Argentina,"Spurs",CM,18,1,3,60,60,75,60,65,Estimated_Market_Data
261,"Mateo Müller",Senegal,"Leipzig",LW,29,4,12,75,60,60,60,65,Estimated_Market_Data
262,"Theo Costa",Netherlands,"Roma",CB,22,9,27,61,61,61,81,66,Estimated_Market_Data
263,"Alex Lee",Spain,"Nice",CB,28,30,90,65,65,65,85,70,Estimated_Market_Data
264,"Enzo Walker",France,"Dortmund",LB,29,11,33,62,62,62,82,67,Estimated_Market_Data
265,"Santi Dubois",France,"Chelsea",LW,32,4,12,75,60,60,60,65,Estimated_Market_Data
266,"Enzo O'Neill",USA,"Benfica",LW,24,28,84,80,65,65,65,70,Estimated_Market_Data
267,"Noah Lee",Italy,"Nice",CB,27,5,15,60,60,60,80,65,Estimated_Market_Data
268,"Mateo Kim",Germany,"Nice",LW,18,15,45,77,62,62,62,67,Estimated_Market_Data
269,"Liam Walker",Italy,"Roma",CM,30,12,36,62,62,77,62,67,Estimated_Market_Data
270,"Lucas Walker",Belgium,"Lazio",LB,21,11,33,62,62,62,82,67,Estimated_Market_Data
271,"Hugo Costa",Netherlands,"Roma",CAM,21,3,9,60,60,75,60,65,Estimated_Market_Data
272,"Ryan Ivanov",Brazil,"Napoli",CB,22,15,45,62,62,62,82,67,Estimated_Market_Data
273,"Enzo Müller",France,"Leipzig",LW,27,7,21,76,61,61,61,66,Estimated_Market_Data
274,"Lucas Dubois",Brazil,"Lazio",RW,30,4,12,75,60,60,60,65,Estimated_Market_Data
275,"Ryan Gomez",USA,"Monaco",CAM,29,3,9,60,60,75,60,65,Estimated_Market_Data
276,"Ryan Kim",France,"Leipzig",RW,25,74,222,89,74,74,74,79,Estimated_Market_Data
277,"Santi Costa",Brazil,"Ajax",LB,29,8,24,61,61,61,81,66,Estimated_Market_Data
278,"Mateo Silva",Netherlands,"Ajax",CM,21,1,3,60,60,75,60,65,Estimated_Market_Data
279,"Lucas Santos",France,"Ajax",RB,18,2,6,60,60,60,80,65,Estimated_Market_Data
280,"Enzo O'Neill",France,"Chelsea",CDM,23,7,21,61,61,76,61,66,Estimated_Market_Data
281,"Santi Gomez",Germany,"Villa",CM,21,10,30,61,61,76,61,66,Estimated_Market_Data
282,"Hugo Lee",Argentina,"Nice",ST,30,14,42,77,82,62,62,67,Estimated_Market_Data
283,"Theo Silva",Spain,"Spurs",RW,22,5,15,75,60,60,60,65,Estimated_Market_Data
284,"Hugo Kim",Argentina,"Benfica",CM,26,12,36,62,62,77,62,67,Estimated_Market_Data
285,"Liam Silva",Senegal,"Leipzig",LW,22,95,285,93,78,78,78,83,Estimated_Market_Data
286,"Hugo Walker",Netherlands,"Benfica",RW,18,8,24,76,61,61,61,66,Estimated_Market_Data
287,"Liam Costa",France,"Lazio",LB,32,11,33,62,62,62,82,67,Estimated_Market_Data
288,"Enzo Santos",Spain,"Leipzig",GK,32,9,27,61,61,61,61,66,Estimated_Market_Data
289,"Enzo Ivanov",Belgium,"Leipzig",GK,18,6,18,61,61,61,61,66,Estimated_Market_Data
290,"Lucas Gomez",USA,"Ajax",LB,19,3,9,60,60,60,80,65,Estimated_Market_Data
291,"Ryan Santos",Japan,"Ajax",CB,23,12,36,62,62,62,82,67,Estimated_Market_Data
292,"Liam Gomez",Portugal,"Newcastle",CDM,20,5,15,60,60,75,60,65,Estimated_Market_Data
293,"Liam Silva",France,"Spurs",GK,20,8,24,61,61,61,61,66,Estimated_Market_Data
294,"Noah Ivanov",France,"Chelsea",CB,32,12,36,62,62,62,82,67,Estimated_Market_Data
295,"Theo Costa",Netherlands,"Leipzig",RW,24,15,45,77,62,62,62,67,Estimated_Market_Data
296,"Theo Costa",Italy,"Spurs",CM,20,14,42,62,62,77,62,67,Estimated_Market_Data
297,"Leo Gomez",Argentina,"Spurs",LB,29,7,21,61,61,61,81,66,Estimated_Market_Data
298,"Leo Dubois",Netherlands,"Man Utd",CDM,22,4,12,60,60,75,60,65,Estimated_Market_Data
299,"Lucas Costa",France,"Spurs",ST,17,10,30,76,81,61,61,66,Estimated_Market_Data
300,"Enzo Santos",Brazil,"Napoli",CB,24,14,42,62,62,62,82,67,Estimated_Market_Data
301,"Noah Silva",Senegal,"Roma",LW,29,10,30,76,61,61,61,66,Estimated_Market_Data
302,"Ryan Gomez",Brazil,"Monaco",CM,34,11,33,62,62,77,62,67,Estimated_Market_Data
303,"Liam Müller",Netherlands,"Chelsea",CB,29,1,3,60,60,60,80,65,Estimated_Market_Data
304,"James Gomez",France,"Roma",CB,21,1,3,60,60,60,80,65,Estimated_Market_Data
305,"Ryan Dubois",France,"Villa",CM,32,25,75,64,64,79,64,69,Estimated_Market_Data
306,"Theo O'Neill",Portugal,"Benfica",CB,32,29,87,65,65,65,85,70,Estimated_Market_Data
307,"Hugo Ivanov",Senegal,"Dortmund",ST,17,10,30,76,81,61,61,66,Estimated_Market_Data
308,"Enzo Costa",Senegal,"Nice",LW,25,11,33,77,62,62,62,67,Estimated_Market_Data
309,"Noah Walker",Japan,"Lazio",LW,26,9,27,76,61,61,61,66,Estimated_Market_Data
310,"Santi Lee",Spain,"Benfica",GK,22,12,36,62,62,62,62,67,Estimated_Market_Data
311,"Leo Ivanov",Senegal,"Man Utd",LW,32,13,39,77,62,62,62,67,Estimated_Market_Data
312,"Liam Kim",USA,"Nice",RB,25,3,9,60,60,60,80,65,Estimated_Market_Data
313,"Alex Gomez",Japan,"Man Utd",GK,21,9,27,61,61,61,61,66,Estimated_Market_Data
314,"Lucas Walker",Japan,"Dortmund",CB,21,11,33,62,62,62,82,67,Estimated_Market_Data
315,"Theo Gomez",Germany,"Man Utd",CAM,22,32,96,66,66,81,66,71,Estimated_Market_Data
316,"Noah O'Neill",France,"Monaco",RW,20,12,36,77,62,62,62,67,Estimated_Market_Data
317,"Lucas Dubois",France,"Villa",CDM,23,2,6,60,60,75,60,65,Estimated_Market_Data
318,"Liam Kim",Senegal,"Nice",CAM,22,6,18,61,61,76,61,66,Estimated_Market_Data
319,"Enzo Costa",Argentina,"Ajax",CM,33,1,3,60,60,75,60,65,Estimated_Market_Data
320,"Hugo Gomez",Belgium,"Newcastle",LB,17,3,9,60,60,60,80,65,Estimated_Market_Data
321,"James Costa",Brazil,"Lazio",GK,30,10,30,61,61,61,61,66,Estimated_Market_Data
322,"Leo Costa",Spain,"Leipzig",RB,34,14,42,62,62,62,82,67,Estimated_Market_Data
323,"Theo Santos",France,"Newcastle",RW,27,3,9,75,60,60,60,65,Estimated_Market_Data
324,"Lucas Lee",Portugal,"Dortmund",CB,32,11,33,62,62,62,82,67,Estimated_Market_Data
325,"Liam Dubois",France,"Villa",RB,23,3,9,60,60,60,80,65,Estimated_Market_Data
326,"Alex Walker",Portugal,"Chelsea",RW,23,9,27,76,61,61,61,66,Estimated_Market_Data
327,"James Kim",Argentina,"Dortmund",CAM,31,30,90,65,65,80,65,70,Estimated_Market_Data
328,"Alex Lee",Argentina,"Dortmund",CAM,22,2,6,60,60,75,60,65,Estimated_Market_Data
329,"Leo Ivanov",Japan,"Ajax",CDM,28,3,9,60,60,75,60,65,Estimated_Market_Data
330,"Theo Dubois",Germany,"Lazio",CB,19,15,45,62,62,62,82,67,Estimated_Market_Data
331,"Alex Gomez",France,"Nice",LB,19,3,9,60,60,60,80,65,Estimated_Market_Data
332,"James Dubois",Japan,"Ajax",CM,26,2,6,60,60,75,60,65,Estimated_Market_Data
333,"Leo Dubois",Senegal,"Dortmund",CM,20,11,33,62,62,77,62,67,Estimated_Market_Data
334,"Liam Costa",Senegal,"Lazio",CAM,25,15,45,62,62,77,62,67,Estimated_Market_Data
335,"Noah Lee",Netherlands,"Ajax",LW,23,2,6,75,60,60,60,65,Estimated_Market_Data
336,"Theo Ivanov",Portugal,"Napoli",GK,31,5,15,60,60,60,60,65,Estimated_Market_Data
337,"Mateo Müller",Germany,"Nice",ST,33,5,15,75,80,60,60,65,Estimated_Market_Data
338,"Liam Santos",Argentina,"Monaco",RW,26,47,141,84,69,69,69,74,Estimated_Market_Data
339,"Mateo Lee",Germany,"Chelsea",LB,19,1,3,60,60,60,80,65,Estimated_Market_Data
340,"Theo Silva",Spain,"Monaco",CM,22,2,6,60,60,75,60,65,Estimated_Market_Data
341,"Lucas Ivanov",Brazil,"Nice",LB,25,4,12,60,60,60,80,65,Estimated_Market_Data
342,"Lucas Dubois",Senegal,"Lazio",CB,32,13,39,62,62,62,82,67,Estimated_Market_Data
343,"Hugo Costa",Spain,"Leipzig",ST,32,2,6,75,80,60,60,65,Estimated_Market_Data
344,"Theo Walker",Japan,"Newcastle",GK,28,14,42,62,62,62,62,67,Estimated_Market_Data
345,"Theo Dubois",Japan,"Nice",ST,31,3,9,75,80,60,60,65,Estimated_Market_Data
346,"Alex Costa",Spain,"Ajax",CAM,32,4,12,60,60,75,60,65,Estimated_Market_Data
347,"Noah Costa",Brazil,"Ajax",LB,28,1,3,60,60,60,80,65,Estimated_Market_Data
348,"Theo Walker",Portugal,"Newcastle",CM,27,7,21,61,61,76,61,66,Estimated_Market_Data
349,"Mateo O'Neill",USA,"Man Utd",CAM,19,5,15,60,60,75,60,65,Estimated_Market_Data
350,"James Walker",Germany,"Dortmund",RW,25,30,90,80,65,65,65,70,Estimated_Market_Data
351,"James Ivanov",Argentina,"Monaco",CB,28,1,3,60,60,60,80,65,Estimated_Market_Data
352,"Enzo Ivanov",Netherlands,"Monaco",RB,26,3,9,60,60,60,80,65,Estimated_Market_Data
353,"James Costa",Netherlands,"Benfica",LB,21,4,12,60,60,60,80,65,Estimated_Market_Data
354,"Alex Silva",Spain,"Lazio",CDM,21,15,45,62,62,77,62,67,Estimated_Market_Data
355,"Theo Santos",Portugal,"Newcastle",CDM,19,30,90,65,65,80,65,70,Estimated_Market_Data
356,"Lucas Walker",Japan,"Ajax",CB,29,13,39,62,62,62,82,67,Estimated_Market_Data
357,"James Kim",Spain,"Nice",RW,31,2,6,75,60,60,60,65,Estimated_Market_Data
358,"Liam Santos",Japan,"Dortmund",LW,27,14,42,77,62,62,62,67,Estimated_Market_Data
359,"Lucas Santos",USA,"Newcastle",RB,27,5,15,60,60,60,80,65,Estimated_Market_Data
360,"Liam Santos",Germany,"Spurs",GK,20,4,12,60,60,60,60,65,Estimated_Market_Data
361,"Alex Santos",Argentina,"Benfica",RW,34,12,36,77,62,62,62,67,Estimated_Market_Data
362,"Santi Lee",Argentina,"Villa",RW,32,1,3,75,60,60,60,65,Estimated_Market_Data
363,"Leo Costa",Senegal,"Man Utd",GK,22,4,12,60,60,60,60,65,Estimated_Market_Data
364,"Alex Kim",Argentina,"Ajax",CM,17,14,42,62,62,77,62,67,Estimated_Market_Data
365,"Santi Costa",Belgium,"Newcastle",LB,19,88,264,77,77,77,97,82,Estimated_Market_Data
366,"Ryan Santos",Spain,"Spurs",CDM,18,13,39,62,62,77,62,67,Estimated_Market_Data
367,"Alex Costa",Belgium,"Roma",RB,32,4,12,60,60,60,80,65,Estimated_Market_Data
368,"Alex Gomez",Belgium,"Chelsea",GK,22,12,36,62,62,62,62,67,Estimated_Market_Data
369,"Ryan Ivanov",Senegal,"Newcastle",CAM,19,7,21,61,61,76,61,66,Estimated_Market_Data
370,"Mateo Lee",France,"Ajax",LW,23,15,45,77,62,62,62,67,Estimated_Market_Data
371,"James Silva",Netherlands,"Villa",RW,27,15,45,77,62,62,62,67,Estimated_Market_Data
372,"Theo O'Neill",Italy,"Chelsea",ST,33,2,6,75,80,60,60,65,Estimated_Market_Data
373,"Santi Silva",Italy,"Man Utd",RB,18,5,15,60,60,60,80,65,Estimated_Market_Data
374,"Liam Lee",Senegal,"Napoli",LB,30,1,3,60,60,60,80,65,Estimated_Market_Data
375,"Hugo O'Neill",France,"Chelsea",LW,17,4,12,75,60,60,60,65,Estimated_Market_Data
376,"Alex Dubois",Argentina,"Monaco",CB,27,9,27,61,61,61,81,66,Estimated_Market_Data
377,"Alex Ivanov",Brazil,"Dortmund",LB,24,14,42,62,62,62,82,67,Estimated_Market_Data
378,"Alex Santos",USA,"Roma",CDM,31,6,18,61,61,76,61,66,Estimated_Market_Data
379,"Santi Gomez",Belgium,"Napoli",GK,30,10,30,61,61,61,61,66,Estimated_Market_Data
380,"James Lee",Spain,"Lazio",RW,28,22,66,79,64,64,64,69,Estimated_Market_Data
381,"Lucas Dubois",USA,"Monaco",CM,30,2,6,60,60,75,60,65,Estimated_Market_Data
382,"Theo Costa",Italy,"Leipzig",RB,17,36,108,67,67,67,87,72,Estimated_Market_Data
383,"Hugo Santos",France,"Leipzig",ST,20,6,18,76,81,61,61,66,Estimated_Market_Data
384,"James Kim",Germany,"Monaco",CAM,18,4,12,60,60,75,60,65,Estimated_Market_Data
385,"Theo Costa",USA,"Dortmund",ST,25,3,9,75,80,60,60,65,Estimated_Market_Data
386,"James Santos",USA,"Lazio",ST,20,7,21,76,81,61,61,66,Estimated_Market_Data
387,"James O'Neill",USA,"Ajax",ST,26,1,3,75,80,60,60,65,Estimated_Market_Data
388,"James Walker",Portugal,"Newcastle",CDM,32,44,132,68,68,83,68,73,Estimated_Market_Data
389,"James O'Neill",Belgium,"Man Utd",CDM,17,12,36,62,62,77,62,67,Estimated_Market_Data
390,"Enzo Santos",Germany,"Chelsea",CDM,20,6,18,61,61,76,61,66,Estimated_Market_Data
391,"Enzo Costa",Argentina,"Man Utd",CAM,17,1,3,60,60,75,60,65,Estimated_Market_Data
392,"Noah Müller",Senegal,"Benfica",LW,23,11,33,77,62,62,62,67,Estimated_Market_Data
393,"Santi Gomez",France,"Man Utd",RB,17,7,21,61,61,61,81,66,Estimated_Market_Data
394,"James Silva",Netherlands,"Napoli",CAM,29,3,9,60,60,75,60,65,Estimated_Market_Data
395,"Enzo Kim",Germany,"Nice",CB,27,10,30,61,61,61,81,66,Estimated_Market_Data
396,"Theo Costa",Japan,"Napoli",CB,18,11,33,62,62,62,82,67,Estimated_Market_Data
397,"Leo Dubois",Italy,"Leipzig",RB,23,9,27,61,61,61,81,66,Estimated_Market_Data
398,"Leo Walker",Netherlands,"Man Utd",CB,20,3,9,60,60,60,80,65,Estimated_Market_Data
399,"Noah Gomez",Spain,"Spurs",GK,27,2,6,60,60,60,60,65,Estimated_Market_Data
400,"James Silva",Brazil,"Villa",CAM,20,15,45,62,62,77,62,67,Estimated_Market_Data
401,"Liam Gomez",Belgium,"Napoli",CM,23,3,9,60,60,75,60,65,Estimated_Market_Data
402,"Noah O'Neill",Germany,"Monaco",CB,27,15,45,62,62,62,82,67,Estimated_Market_Data
403,"Enzo Walker",USA,"Nice",ST,24,4,12,75,80,60,60,65,Estimated_Market_Data
404,"Leo Walker",Spain,"Lazio",RW,26,14,42,77,62,62,62,67,Estimated_Market_Data
405,"Enzo Lee",France,"Dortmund",CDM,24,11,33,62,62,77,62,67,Estimated_Market_Data
406,"Lucas O'Neill",France,"Lazio",RW,29,11,33,77,62,62,62,67,Estimated_Market_Data
407,"Noah Lee",Senegal,"Monaco",RB,32,6,18,61,61,61,81,66,Estimated_Market_Data
408,"Alex Dubois",Brazil,"Spurs",LW,31,48,144,84,69,69,69,74,Estimated_Market_Data
409,"Enzo Costa",Brazil,"Napoli",ST,22,14,42,77,82,62,62,67,Estimated_Market_Data
410,"Noah Walker",Belgium,"Nice",LW,26,5,15,75,60,60,60,65,Estimated_Market_Data
411,"James Silva",Belgium,"Leipzig",CM,27,3,9,60,60,75,60,65,Estimated_Market_Data
412,"Theo O'Neill",Netherlands,"Ajax",ST,19,14,42,77,82,62,62,67,Estimated_Market_Data
413,"Theo Santos",Brazil,"Napoli",CAM,31,8,24,61,61,76,61,66,Estimated_Market_Data
414,"Santi Silva",Italy,"Monaco",LB,31,6,18,61,61,61,81,66,Estimated_Market_Data
415,"Lucas Dubois",Japan,"Monaco",RW,33,40,120,82,67,67,67,72,Estimated_Market_Data
416,"Noah Müller",Argentina,"Monaco",CDM,17,13,39,62,62,77,62,67,Estimated_Market_Data
417,"Noah Gomez",Japan,"Spurs",CM,32,15,45,62,62,77,62,67,Estimated_Market_Data
418,"Mateo Kim",Argentina,"Man Utd",LB,34,2,6,60,60,60,80,65,Estimated_Market_Data
419,"Lucas Dubois",Portugal,"Benfica",CAM,19,4,12,60,60,75,60,65,Estimated_Market_Data
420,"Alex Santos",Belgium,"Man Utd",CB,17,4,12,60,60,60,80,65,Estimated_Market_Data
421,"Enzo Walker",Belgium,"Spurs",CB,17,11,33,62,62,62,82,67,Estimated_Market_Data
422,"Alex Dubois",Germany,"Newcastle",GK,17,9,27,61,61,61,61,66,Estimated_Market_Data
423,"Leo Dubois",Portugal,"Lazio",CAM,20,49,147,69,69,84,69,74,Estimated_Market_Data
424,"Liam O'Neill",Japan,"Nice",CB,31,42,126,68,68,68,88,73,Estimated_Market_Data
425,"Lucas Ivanov",Spain,"Villa",GK,18,1,3,60,60,60,60,65,Estimated_Market_Data
426,"Mateo Costa",Spain,"Villa",RB,30,3,9,60,60,60,80,65,Estimated_Market_Data
427,"Mateo Santos",Netherlands,"Lazio",LW,26,1,3,75,60,60,60,65,Estimated_Market_Data
428,"Hugo O'Neill",Portugal,"Nice",RW,32,4,12,75,60,60,60,65,Estimated_Market_Data
429,"Leo Ivanov",Netherlands,"Monaco",GK,29,14,42,62,62,62,62,67,Estimated_Market_Data
430,"Alex O'Neill",France,"Villa",LB,23,12,36,62,62,62,82,67,Estimated_Market_Data
431,"Noah Silva",Spain,"Napoli",CM,26,37,111,67,67,82,67,72,Estimated_Market_Data
432,"Alex O'Neill",Senegal,"Newcastle",ST,33,2,6,75,80,60,60,65,Estimated_Market_Data
433,"Alex Kim",Argentina,"Lazio",RW,32,15,45,77,62,62,62,67,Estimated_Market_Data
434,"Lucas Santos",USA,"Villa",LB,26,5,15,60,60,60,80,65,Estimated_Market_Data
435,"Theo Dubois",Germany,"Newcastle",RB,17,8,24,61,61,61,81,66,Estimated_Market_Data
436,"Theo Silva",Portugal,"Spurs",CM,25,11,33,62,62,77,62,67,Estimated_Market_Data
437,"Leo Gomez",Netherlands,"Man Utd",LB,25,13,39,62,62,62,82,67,Estimated_Market_Data
438,"Mateo O'Neill",Germany,"Roma",LB,34,14,42,62,62,62,82,67,Estimated_Market_Data
439,"Santi Müller",Japan,"Villa",RW,30,7,21,76,61,61,61,66,Estimated_Market_Data
440,"James Dubois",Netherlands,"Ajax",CM,30,9,27,61,61,76,61,66,Estimated_Market_Data
441,"Theo Ivanov",USA,"Monaco",CB,29,8,24,61,61,61,81,66,Estimated_Market_Data
442,"Santi Dubois",Portugal,"Chelsea",RB,23,8,24,61,61,61,81,66,Estimated_Market_Data
443,"Lucas O'Neill",Senegal,"Napoli",CAM,34,12,36,62,62,77,62,67,Estimated_Market_Data
444,"Santi Kim",Spain,"Napoli",CM,22,12,36,62,62,77,62,67,Estimated_Market_Data
445,"Theo Müller",Spain,"Newcastle",CAM,21,2,6,60,60,75,60,65,Estimated_Market_Data
446,"Hugo Walker",Germany,"Ajax",RB,29,5,15,60,60,60,80,65,Estimated_Market_Data
447,"Ryan Kim",Argentina,"Chelsea",GK,26,45,135,68,68,68,68,73,Estimated_Market_Data
448,"Noah Ivanov",Brazil,"Napoli",ST,23,1,3,75,80,60,60,65,Estimated_Market_Data
449,"Alex Santos",USA,"Ajax",ST,30,9,27,76,81,61,61,66,Estimated_Market_Data
450,"Hugo O'Neill",France,"Spurs",CDM,27,4,12,60,60,75,60,65,Estimated_Market_Data
451,"Enzo Walker",Argentina,"Monaco",RB,32,9,27,61,61,61,81,66,Estimated_Market_Data
452,"Lucas Müller",Argentina,"Man Utd",CM,34,9,27,61,61,76,61,66,Estimated_Market_Data
453,"Alex Silva",Netherlands,"Benfica",CM,23,43,129,68,68,83,68,73,Estimated_Market_Data
454,"Mateo Dubois",Germany,"Lazio",RW,28,13,39,77,62,62,62,67,Estimated_Market_Data
455,"Leo O'Neill",Japan,"Nice",LW,33,13,39,77,62,62,62,67,Estimated_Market_Data
456,"Leo Walker",Brazil,"Nice",ST,28,83,249,91,96,76,76,81,Estimated_Market_Data
457,"Noah Costa",USA,"Nice",CDM,20,9,27,61,61,76,61,66,Estimated_Market_Data
458,"Ryan Lee",France,"Lazio",LW,26,6,18,76,61,61,61,66,Estimated_Market_Data
459,"Ryan Müller",Netherlands,"Monaco",RW,19,9,27,76,61,61,61,66,Estimated_Market_Data
460,"Theo Dubois",Netherlands,"Newcastle",CAM,34,4,12,60,60,75,60,65,Estimated_Market_Data
461,"James Müller",USA,"Villa",CDM,25,6,18,61,61,76,61,66,Estimated_Market_Data
462,"James O'Neill",Belgium,"Newcastle",RW,25,7,21,76,61,61,61,66,Estimated_Market_Data
463,"Lucas Kim",Germany,"Dortmund",CDM,28,11,33,62,62,77,62,67,Estimated_Market_Data
464,"Liam Costa",Japan,"Chelsea",RB,22,11,33,62,62,62,82,67,Estimated_Market_Data
465,"Enzo Costa",Italy,"Ajax",RW,28,3,9,75,60,60,60,65,Estimated_Market_Data
466,"Leo Costa",USA,"Villa",ST,20,14,42,77,82,62,62,67,Estimated_Market_Data
467,"Alex Müller",Senegal,"Benfica",CB,28,14,42,62,62,62,82,67,Estimated_Market_Data
468,"James Costa",USA,"Spurs",GK,27,13,39,62,62,62,62,67,Estimated_Market_Data
469,"Liam Silva",Japan,"Ajax",CM,18,8,24,61,61,76,61,66,Estimated_Market_Data
470,"Liam Gomez",Netherlands,"Chelsea",ST,26,15,45,77,82,62,62,67,Estimated_Market_Data
471,"Hugo Kim",Senegal,"Napoli",CM,28,49,147,69,69,84,69,74,Estimated_Market_Data
472,"Theo Silva",Japan,"Chelsea",RW,34,25,75,79,64,64,64,69,Estimated_Market_Data
473,"Santi Walker",Belgium,"Spurs",RW,25,13,39,77,62,62,62,67,Estimated_Market_Data
474,"Enzo O'Neill",Belgium,"Dortmund",CB,20,4,12,60,60,60,80,65,Estimated_Market_Data
475,"Hugo Gomez",Japan,"Villa",ST,29,14,42,77,82,62,62,67,Estimated_Market_Data
476,"Hugo Silva",France,"Dortmund",RW,34,9,27,76,61,61,61,66,Estimated_Market_Data
477,"Liam Gomez",France,"Benfica",CM,21,1,3,60,60,75,60,65,Estimated_Market_Data
478,"Mateo Santos",Senegal,"Napoli",LB,29,7,21,61,61,61,81,66,Estimated_Market_Data
479,"Ryan Müller",USA,"Newcastle",LW,18,6,18,76,61,61,61,66,Estimated_Market_Data
480,"Mateo Silva",France,"Roma",RW,30,4,12,75,60,60,60,65,Estimated_Market_Data
481,"Enzo Lee",Netherlands,"Dortmund",RB,19,4,12,60,60,60,80,65,Estimated_Market_Data
482,"Noah Santos",Germany,"Lazio",RB,23,6,18,61,61,61,81,66,Estimated_Market_Data
483,"Alex Gomez",Brazil,"Ajax",RW,20,14,42,77,62,62,62,67,Estimated_Market_Data
484,"Santi Dubois",Portugal,"Nice",GK,32,14,42,62,62,62,62,67,Estimated_Market_Data
485,"Lucas Müller",USA,"Nice",RB,21,37,111,67,67,67,87,72,Estimated_Market_Data
486,"Lucas Ivanov",Belgium,"Nice",CAM,20,5,15,60,60,75,60,65,Estimated_Market_Data
487,"Leo Santos",Brazil,"Leipzig",RB,22,24,72,64,64,64,84,69,Estimated_Market_Data
488,"Hugo Walker",Netherlands,"Dortmund",CM,32,1,3,60,60,75,60,65,Estimated_Market_Data
489,"Hugo Lee",Germany,"Monaco",RW,27,5,15,75,60,60,60,65,Estimated_Market_Data
490,"Enzo Müller",Japan,"Roma",CAM,21,4,12,60,60,75,60,65,Estimated_Market_Data
491,"James Gomez",Japan,"Chelsea",RB,22,12,36,62,62,62,82,67,Estimated_Market_Data
492,"Santi O'Neill",Netherlands,"Villa",LB,23,6,18,61,61,61,81,66,Estimated_Market_Data
493,"Hugo Santos",Netherlands,"Ajax",RB,29,5,15,60,60,60,80,65,Estimated_Market_Data
494,"Hugo Kim",Germany,"Chelsea",CDM,27,11,33,62,62,77,62,67,Estimated_Market_Data
495,"Santi O'Neill",Belgium,"Man Utd",RW,30,13,39,77,62,62,62,67,Estimated_Market_Data
496,"Lucas Costa",Netherlands,"Lazio",LB,33,2,6,60,60,60,80,65,Estimated_Market_Data
497,"Noah Müller",Senegal,"Dortmund",RB,18,14,42,62,62,62,82,67,Estimated_Market_Data
498,"Ryan Kim",Japan,"Villa",CDM,29,92,276,77,77,92,77,82,Estimated_Market_Data
499,"Hugo Walker",Spain,"Leipzig",GK,25,5,15,60,60,60,60,65,Estimated_Market_Data
500,"Theo Lee",USA,"Napoli",CB,27,3,9,60,60,60,80,65,Estimated_Market_Data
501,"Enzo Walker",Italy,"Monaco",CB,26,3,9,60,60,60,80,65,Estimated_Market_Data
502,"Mateo Ivanov",Argentina,"Man Utd",RB,19,10,30,61,61,61,81,66,Estimated_Market_Data
503,"Liam Müller",Germany,"Man Utd",LB,21,6,18,61,61,61,81,66,Estimated_Market_Data
504,"Enzo Gomez",Germany,"Roma",RB,32,5,15,60,60,60,80,65,Estimated_Market_Data
505,"James Müller",Portugal,"Napoli",RW,25,4,12,75,60,60,60,65,Estimated_Market_Data
506,"Enzo Gomez",Senegal,"Napoli",CDM,25,2,6,60,60,75,60,65,Estimated_Market_Data
507,"Alex Lee",Portugal,"Roma",CDM,19,1,3,60,60,75,60,65,Estimated_Market_Data
508,"James Kim",Japan,"Roma",LB,24,2,6,60,60,60,80,65,Estimated_Market_Data
509,"Theo Müller",USA,"Newcastle",LB,32,11,33,62,62,62,82,67,Estimated_Market_Data
510,"Noah Kim",Spain,"Dortmund",RW,17,11,33,77,62,62,62,67,Estimated_Market_Data
511,"Lucas O'Neill",Netherlands,"Villa",RW,17,8,24,76,61,61,61,66,Estimated_Market_Data
512,"Santi Walker",Belgium,"Villa",CAM,27,7,21,61,61,76,61,66,Estimated_Market_Data
513,"Lucas Walker",Belgium,"Benfica",CAM,19,14,42,62,62,77,62,67,Estimated_Market_Data
514,"Hugo Silva",Belgium,"Man Utd",CM,33,12,36,62,62,77,62,67,Estimated_Market_Data
515,"Noah Müller",Netherlands,"Napoli",CDM,28,9,27,61,61,76,61,66,Estimated_Market_Data
516,"Lucas Dubois",Argentina,"Napoli",CDM,20,12,36,62,62,77,62,67,Estimated_Market_Data
517,"Santi Santos",Italy,"Monaco",LB,28,4,12,60,60,60,80,65,Estimated_Market_Data
518,"James Lee",Belgium,"Villa",GK,29,4,12,60,60,60,60,65,Estimated_Market_Data
519,"Alex Costa",Italy,"Dortmund",CDM,25,11,33,62,62,77,62,67,Estimated_Market_Data
520,"Liam Dubois",Spain,"Villa",LB,20,4,12,60,60,60,80,65,Estimated_Market_Data
521,"Alex Silva",Belgium,"Nice",ST,24,15,45,77,82,62,62,67,Estimated_Market_Data
522,"Alex Gomez",Belgium,"Spurs",CDM,30,10,30,61,61,76,61,66,Estimated_Market_Data
523,"Mateo O'Neill",Senegal,"Chelsea",CM,23,13,39,62,62,77,62,67,Estimated_Market_Data
524,"Liam Gomez",Netherlands,"Dortmund",LW,24,10,30,76,61,61,61,66,Estimated_Market_Data
525,"Hugo Lee",France,"Dortmund",RB,34,10,30,61,61,61,81,66,Estimated_Market_Data
526,"Lucas Costa",Belgium,"Man Utd",CB,17,7,21,61,61,61,81,66,Estimated_Market_Data
527,"Mateo Gomez",Brazil,"Dortmund",ST,23,10,30,76,81,61,61,66,Estimated_Market_Data
528,"Santi Walker",Spain,"Lazio",CAM,26,10,30,61,61,76,61,66,Estimated_Market_Data
529,"Noah Ivanov",Belgium,"Napoli",GK,26,54,162,70,70,70,70,75,Estimated_Market_Data
530,"Hugo Silva",Netherlands,"Newcastle",CAM,33,6,18,61,61,76,61,66,Estimated_Market_Data
531,"Leo Dubois",Japan,"Roma",CDM,32,8,24,61,61,76,61,66,Estimated_Market_Data
532,"Ryan Kim",USA,"Leipzig",ST,29,8,24,76,81,61,61,66,Estimated_Market_Data
533,"Santi Lee",Germany,"Man Utd",LW,34,12,36,77,62,62,62,67,Estimated_Market_Data
534,"Hugo Gomez",Senegal,"Ajax",CAM,31,4,12,60,60,75,60,65,Estimated_Market_Data
535,"Hugo Silva",Japan,"Ajax",CM,33,15,45,62,62,77,62,67,Estimated_Market_Data
536,"Lucas Müller",France,"Roma",RB,25,1,3,60,60,60,80,65,Estimated_Market_Data
537,"Noah Walker",Germany,"Newcastle",LB,24,37,111,67,67,67,87,72,Estimated_Market_Data
538,"Mateo Santos",Belgium,"Ajax",LB,30,6,18,61,61,61,81,66,Estimated_Market_Data
539,"James Santos",Germany,"Roma",CB,31,13,39,62,62,62,82,67,Estimated_Market_Data
540,"Ryan O'Neill",Argentina,"Chelsea",CB,19,6,18,61,61,61,81,66,Estimated_Market_Data
541,"Ryan O'Neill",Belgium,"Villa",ST,23,32,96,81,86,66,66,71,Estimated_Market_Data
542,"Leo Lee",Italy,"Monaco",CDM,19,1,3,60,60,75,60,65,Estimated_Market_Data
543,"Ryan Dubois",Spain,"Leipzig",CM,27,12,36,62,62,77,62,67,Estimated_Market_Data
544,"Hugo Santos",USA,"Man Utd",CB,18,7,21,61,61,61,81,66,Estimated_Market_Data
545,"James Silva",Germany,"Leipzig",GK,21,10,30,61,61,61,61,66,Estimated_Market_Data
546,"Lucas Kim",Senegal,"Newcastle",GK,34,1,3,60,60,60,60,65,Estimated_Market_Data
547,"Hugo Santos",Senegal,"Roma",ST,20,34,102,81,86,66,66,71,Estimated_Market_Data
548,"Ryan Müller",Brazil,"Napoli",LB,30,5,15,60,60,60,80,65,Estimated_Market_Data
549,"Lucas Santos",Senegal,"Spurs",ST,30,9,27,76,81,61,61,66,Estimated_Market_Data
550,"Ryan Lee",Spain,"Lazio",RB,28,6,18,61,61,61,81,66,Estimated_Market_Data
551,"Enzo Walker",Italy,"Lazio",CB,25,8,24,61,61,61,81,66,Estimated_Market_Data
552,"Ryan Müller",Brazil,"Chelsea",CAM,19,13,39,62,62,77,62,67,Estimated_Market_Data
553,"Leo Ivanov",Argentina,"Roma",CM,34,5,15,60,60,75,60,65,Estimated_Market_Data
554,"Alex Lee",Brazil,"Ajax",CAM,18,2,6,60,60,75,60,65,Estimated_Market_Data
555,"Noah Costa",Belgium,"Villa",RB,31,4,12,60,60,60,80,65,Estimated_Market_Data
556,"Hugo Lee",Italy,"Man Utd",CAM,31,2,6,60,60,75,60,65,Estimated_Market_Data
557,"Leo Müller",Italy,"Monaco",ST,29,20,60,78,83,63,63,68,Estimated_Market_Data
558,"Enzo Costa",Portugal,"Leipzig",CB,20,12,36,62,62,62,82,67,Estimated_Market_Data
559,"Leo Costa",Brazil,"Lazio",GK,27,12,36,62,62,62,62,67,Estimated_Market_Data
560,"Theo Müller",Spain,"Monaco",RB,33,5,15,60,60,60,80,65,Estimated_Market_Data
561,"James Gomez",Spain,"Villa",CB,28,15,45,62,62,62,82,67,Estimated_Market_Data
562,"Mateo Silva",Belgium,"Leipzig",ST,24,3,9,75,80,60,60,65,Estimated_Market_Data
563,"Leo Costa",Argentina,"Roma",CDM,24,1,3,60,60,75,60,65,Estimated_Market_Data
564,"Lucas Gomez",Spain,"Dortmund",LB,31,14,42,62,62,62,82,67,Estimated_Market_Data
565,"Mateo Costa",Portugal,"Man Utd",GK,33,15,45,62,62,62,62,67,Estimated_Market_Data
566,"Noah Müller",Netherlands,"Nice",LW,31,11,33,77,62,62,62,67,Estimated_Market_Data
567,"Lucas Gomez",Senegal,"Spurs",CAM,29,2,6,60,60,75,60,65,Estimated_Market_Data
568,"Mateo Kim",Argentina,"Lazio",RW,33,6,18,76,61,61,61,66,Estimated_Market_Data
569,"Ryan Kim",France,"Nice",LB,34,12,36,62,62,62,82,67,Estimated_Market_Data
570,"Liam O'Neill",Netherlands,"Man Utd",CM,29,1,3,60,60,75,60,65,Estimated_Market_Data
571,"Noah Lee",Senegal,"Benfica",CM,33,12,36,62,62,77,62,67,Estimated_Market_Data
572,"Santi Kim",Belgium,"Monaco",LW,26,11,33,77,62,62,62,67,Estimated_Market_Data
573,"James Dubois",Belgium,"Nice",CDM,17,11,33,62,62,77,62,67,Estimated_Market_Data
574,"Mateo Silva",Argentina,"Newcastle",RW,30,9,27,76,61,61,61,66,Estimated_Market_Data
575,"Liam Costa",Portugal,"Chelsea",RW,33,8,24,76,61,61,61,66,Estimated_Market_Data
576,"Alex O'Neill",France,"Napoli",CAM,20,14,42,62,62,77,62,67,Estimated_Market_Data
577,"Ryan Gomez",Japan,"Napoli",RW,31,9,27,76,61,61,61,66,Estimated_Market_Data
578,"Alex Walker",France,"Ajax",RW,30,3,9,75,60,60,60,65,Estimated_Market_Data
579,"Theo Dubois",Italy,"Nice",GK,28,8,24,61,61,61,61,66,Estimated_Market_Data
580,"Enzo Gomez",Japan,"Lazio",ST,31,9,27,76,81,61,61,66,Estimated_Market_Data
581,"James Dubois",Portugal,"Man Utd",GK,28,3,9,60,60,60,60,65,Estimated_Market_Data
582,"Santi Ivanov",Italy,"Villa",GK,21,4,12,60,60,60,60,65,Estimated_Market_Data
583,"Noah Müller",Argentina,"Man Utd",LW,17,6,18,76,61,61,61,66,Estimated_Market_Data
584,"Leo Walker",Italy,"Napoli",LW,24,5,15,75,60,60,60,65,Estimated_Market_Data
585,"Alex O'Neill",Netherlands,"Monaco",CAM,31,15,45,62,62,77,62,67,Estimated_Market_Data
586,"Lucas Gomez",Portugal,"Dortmund",CM,34,10,30,61,61,76,61,66,Estimated_Market_Data
587,"Santi Silva",Portugal,"Villa",CAM,19,8,24,61,61,76,61,66,Estimated_Market_Data
588,"Theo Ivanov",Belgium,"Monaco",ST,18,9,27,76,81,61,61,66,Estimated_Market_Data
589,"Noah Lee",Germany,"Newcastle",CB,17,13,39,62,62,62,82,67,Estimated_Market_Data
590,"Hugo Müller",France,"Spurs",LW,31,14,42,77,62,62,62,67,Estimated_Market_Data
591,"Hugo Dubois",Brazil,"Nice",ST,28,6,18,76,81,61,61,66,Estimated_Market_Data
592,"Santi Lee",Spain,"Ajax",ST,24,22,66,79,84,64,64,69,Estimated_Market_Data
593,"Lucas Gomez",Italy,"Chelsea",CM,22,15,45,62,62,77,62,67,Estimated_Market_Data
594,"Enzo Silva",Portugal,"Leipzig",GK,25,26,78,65,65,65,65,70,Estimated_Market_Data
595,"Santi O'Neill",Netherlands,"Leipzig",RW,30,11,33,77,62,62,62,67,Estimated_Market_Data
596,"Noah Kim",Brazil,"Spurs",GK,27,3,9,60,60,60,60,65,Estimated_Market_Data
597,"Leo Müller",Spain,"Roma",CAM,28,10,30,61,61,76,61,66,Estimated_Market_Data
598,"Hugo Silva",Japan,"Man Utd",GK,32,5,15,60,60,60,60,65,Estimated_Market_Data
599,"Mateo Costa",Belgium,"Benfica",GK,29,12,36,62,62,62,62,67,Estimated_Market_Data
600,"Alex O'Neill",France,"Benfica",RB,34,4,12,60,60,60,80,65,Estimated_Market_Data
601,"Enzo O'Neill",Brazil,"Chelsea",CAM,17,8,24,61,61,76,61,66,Estimated_Market_Data
602,"Leo Costa",USA,"Leipzig",LB,20,45,135,68,68,68,88,73,Estimated_Market_Data
603,"James Santos",Senegal,"Spurs",RB,18,2,6,60,60,60,80,65,Estimated_Market_Data
604,"James Costa",Senegal,"Newcastle",CDM,23,6,18,61,61,76,61,66,Estimated_Market_Data
605,"Theo Lee",Portugal,"Nice",ST,31,12,36,77,82,62,62,67,Estimated_Market_Data
606,"Noah Santos",Argentina,"Chelsea",LB,17,8,24,61,61,61,81,66,Estimated_Market_Data
607,"Hugo Silva",France,"Villa",GK,22,13,39,62,62,62,62,67,Estimated_Market_Data
608,"Lucas Dubois",Brazil,"Ajax",CDM,34,39,117,67,67,82,67,72,Estimated_Market_Data
609,"Leo Gomez",Netherlands,"Spurs",CB,28,9,27,61,61,61,81,66,Estimated_Market_Data
610,"Lucas Santos",USA,"Chelsea",RW,20,67,201,88,73,73,73,78,Estimated_Market_Data
611,"Mateo Costa",Senegal,"Villa",CM,25,12,36,62,62,77,62,67,Estimated_Market_Data
612,"Alex Gomez",USA,"Chelsea",RW,21,38,114,82,67,67,67,72,Estimated_Market_Data
613,"Liam Lee",France,"Spurs",CDM,23,14,42,62,62,77,62,67,Estimated_Market_Data
614,"Hugo Kim",France,"Benfica",CDM,22,40,120,67,67,82,67,72,Estimated_Market_Data
615,"Santi Gomez",Italy,"Man Utd",LB,33,9,27,61,61,61,81,66,Estimated_Market_Data
616,"James Kim",Japan,"Spurs",CM,24,6,18,61,61,76,61,66,Estimated_Market_Data
617,"Lucas Lee",Senegal,"Monaco",ST,25,2,6,75,80,60,60,65,Estimated_Market_Data
618,"Theo Ivanov",Senegal,"Lazio",RW,21,4,12,75,60,60,60,65,Estimated_Market_Data
619,"Noah Gomez",Brazil,"Roma",LW,18,7,21,76,61,61,61,66,Estimated_Market_Data
620,"Mateo Gomez",Argentina,"Newcastle",CB,19,2,6,60,60,60,80,65,Estimated_Market_Data
621,"Hugo Lee",Senegal,"Villa",CM,23,4,12,60,60,75,60,65,Estimated_Market_Data
622,"Santi Santos",Brazil,"Ajax",LW,20,39,117,82,67,67,67,72,Estimated_Market_Data
623,"James Silva",USA,"Lazio",CDM,21,6,18,61,61,76,61,66,Estimated_Market_Data
624,"Mateo O'Neill",USA,"Newcastle",CAM,19,12,36,62,62,77,62,67,Estimated_Market_Data
625,"Enzo Gomez",Italy,"Man Utd",CDM,27,35,105,66,66,81,66,71,Estimated_Market_Data
626,"James Silva",USA,"Napoli",CB,22,15,45,62,62,62,82,67,Estimated_Market_Data
627,"Lucas O'Neill",Italy,"Newcastle",LB,20,15,45,62,62,62,82,67,Estimated_Market_Data
628,"Noah Santos",Japan,"Leipzig",GK,27,42,126,68,68,68,68,73,Estimated_Market_Data
629,"Ryan Santos",Germany,"Napoli",ST,25,13,39,77,82,62,62,67,Estimated_Market_Data
630,"Noah Silva",Argentina,"Ajax",LW,24,8,24,76,61,61,61,66,Estimated_Market_Data
631,"Mateo Ivanov",USA,"Monaco",RB,24,12,36,62,62,62,82,67,Estimated_Market_Data
632,"Leo Santos",France,"Newcastle",LB,20,8,24,61,61,61,81,66,Estimated_Market_Data
633,"Noah Lee",Senegal,"Spurs",LB,33,13,39,62,62,62,82,67,Estimated_Market_Data
634,"Enzo Walker",Portugal,"Spurs",GK,22,70,210,73,73,73,73,78,Estimated_Market_Data
635,"Mateo O'Neill",Japan,"Leipzig",RW,31,14,42,77,62,62,62,67,Estimated_Market_Data
636,"Ryan Costa",Belgium,"Napoli",ST,18,15,45,77,82,62,62,67,Estimated_Market_Data
637,"Leo Silva",Portugal,"Roma",RW,23,5,15,75,60,60,60,65,Estimated_Market_Data
638,"Theo Costa",USA,"Napoli",CAM,28,7,21,61,61,76,61,66,Estimated_Market_Data
639,"Leo Lee",Brazil,"Napoli",LB,21,27,81,65,65,65,85,70,Estimated_Market_Data
640,"Ryan Gomez",Spain,"Napoli",CM,18,36,108,67,67,82,67,72,Estimated_Market_Data
641,"Noah Costa",Japan,"Benfica",CM,20,15,45,62,62,77,62,67,Estimated_Market_Data
642,"Leo Santos",Brazil,"Spurs",CM,25,10,30,61,61,76,61,66,Estimated_Market_Data
643,"Noah O'Neill",France,"Napoli",CM,25,2,6,60,60,75,60,65,Estimated_Market_Data
644,"Hugo Lee",Argentina,"Chelsea",LB,29,6,18,61,61,61,81,66,Estimated_Market_Data
645,"Theo Lee",Senegal,"Leipzig",ST,30,11,33,77,82,62,62,67,Estimated_Market_Data
646,"Hugo Lee",Belgium,"Dortmund",LW,24,2,6,75,60,60,60,65,Estimated_Market_Data
647,"Hugo Kim",Spain,"Dortmund",LB,18,3,9,60,60,60,80,65,Estimated_Market_Data
648,"Noah Dubois",Japan,"Man Utd",GK,34,6,18,61,61,61,61,66,Estimated_Market_Data
649,"Alex Dubois",France,"Spurs",LB,24,10,30,61,61,61,81,66,Estimated_Market_Data
650,"Hugo Walker",USA,"Spurs",CM,21,2,6,60,60,75,60,65,Estimated_Market_Data
651,"Ryan Ivanov",Spain,"Napoli",CAM,32,10,30,61,61,76,61,66,Estimated_Market_Data
652,"Noah Ivanov",Spain,"Roma",RB,24,1,3,60,60,60,80,65,Estimated_Market_Data
653,"Enzo O'Neill",Japan,"Spurs",LB,28,9,27,61,61,61,81,66,Estimated_Market_Data
654,"Theo Ivanov",Portugal,"Newcastle",ST,32,15,45,77,82,62,62,67,Estimated_Market_Data
655,"Liam Ivanov",Germany,"Villa",ST,25,13,39,77,82,62,62,67,Estimated_Market_Data
656,"Lucas O'Neill",Belgium,"Man Utd",CB,34,13,39,62,62,62,82,67,Estimated_Market_Data
657,"Leo Gomez",Japan,"Spurs",LW,21,6,18,76,61,61,61,66,Estimated_Market_Data
658,"Hugo Santos",Argentina,"Newcastle",CAM,18,11,33,62,62,77,62,67,Estimated_Market_Data
659,"Alex Kim",Senegal,"Chelsea",CAM,17,8,24,61,61,76,61,66,Estimated_Market_Data
660,"Noah Costa",Senegal,"Spurs",RB,22,13,39,62,62,62,82,67,Estimated_Market_Data
661,"Ryan Lee",Portugal,"Monaco",RW,28,1,3,75,60,60,60,65,Estimated_Market_Data
662,"Ryan Kim",Netherlands,"Newcastle",ST,17,10,30,76,81,61,61,66,Estimated_Market_Data
663,"Santi Gomez",Spain,"Newcastle",CB,22,13,39,62,62,62,82,67,Estimated_Market_Data
664,"Theo Dubois",Argentina,"Chelsea",CDM,33,15,45,62,62,77,62,67,Estimated_Market_Data
665,"Leo Müller",Portugal,"Dortmund",GK,30,2,6,60,60,60,60,65,Estimated_Market_Data
666,"James Walker",Brazil,"Lazio",LW,30,9,27,76,61,61,61,66,Estimated_Market_Data
667,"Hugo Dubois",France,"Nice",GK,21,6,18,61,61,61,61,66,Estimated_Market_Data
668,"James Silva",Brazil,"Villa",CAM,29,2,6,60,60,75,60,65,Estimated_Market_Data
669,"James O'Neill",France,"Nice",CAM,18,6,18,61,61,76,61,66,Estimated_Market_Data
670,"James Gomez",Japan,"Man Utd",CAM,21,5,15,60,60,75,60,65,Estimated_Market_Data
671,"Theo Ivanov",Netherlands,"Dortmund",RW,28,12,36,77,62,62,62,67,Estimated_Market_Data
672,"Mateo Lee",France,"Newcastle",LW,20,10,30,76,61,61,61,66,Estimated_Market_Data
673,"Hugo Ivanov",USA,"Villa",RW,30,10,30,76,61,61,61,66,Estimated_Market_Data
674,"Theo Costa",Belgium,"Villa",GK,34,5,15,60,60,60,60,65,Estimated_Market_Data
675,"Theo Costa",Brazil,"Newcastle",GK,30,12,36,62,62,62,62,67,Estimated_Market_Data
676,"Enzo Lee",France,"Benfica",CB,22,35,105,66,66,66,86,71,Estimated_Market_Data
677,"Ryan Müller",Germany,"Villa",CM,32,12,36,62,62,77,62,67,Estimated_Market_Data
678,"Liam Dubois",Japan,"Nice",CM,21,7,21,61,61,76,61,66,Estimated_Market_Data
679,"Mateo Lee",USA,"Monaco",LW,22,7,21,76,61,61,61,66,Estimated_Market_Data
680,"Hugo Santos",France,"Leipzig",CAM,25,10,30,61,61,76,61,66,Estimated_Market_Data
681,"Santi Silva",USA,"Leipzig",CM,17,10,30,61,61,76,61,66,Estimated_Market_Data
682,"Santi Costa",Japan,"Napoli",CDM,26,10,30,61,61,76,61,66,Estimated_Market_Data
683,"Alex Dubois",Brazil,"Villa",CDM,21,10,30,61,61,76,61,66,Estimated_Market_Data
684,"Mateo Silva",Portugal,"Dortmund",LB,31,5,15,60,60,60,80,65,Estimated_Market_Data
685,"Noah Walker",Senegal,"Chelsea",GK,26,37,111,67,67,67,67,72,Estimated_Market_Data
686,"Lucas Silva",Portugal,"Monaco",RW,28,1,3,75,60,60,60,65,Estimated_Market_Data
687,"Enzo O'Neill",Senegal,"Villa",LW,34,8,24,76,61,61,61,66,Estimated_Market_Data
688,"Santi Müller",Spain,"Spurs",CDM,17,96,288,78,78,93,78,83,Estimated_Market_Data
689,"Theo Kim",Argentina,"Ajax",CM,23,3,9,60,60,75,60,65,Estimated_Market_Data
690,"Enzo Müller",Germany,"Lazio",RB,33,15,45,62,62,62,82,67,Estimated_Market_Data
691,"James Costa",Italy,"Spurs",RW,21,2,6,75,60,60,60,65,Estimated_Market_Data
692,"Lucas Silva",Italy,"Nice",RB,32,10,30,61,61,61,81,66,Estimated_Market_Data
693,"Liam Müller",Belgium,"Spurs",RW,28,28,84,80,65,65,65,70,Estimated_Market_Data
694,"Ryan Dubois",Netherlands,"Spurs",CM,33,5,15,60,60,75,60,65,Estimated_Market_Data
695,"Leo O'Neill",Argentina,"Benfica",LB,27,12,36,62,62,62,82,67,Estimated_Market_Data
696,"Liam Kim",Spain,"Napoli",ST,25,7,21,76,81,61,61,66,Estimated_Market_Data
697,"James O'Neill",Italy,"Spurs",CM,25,1,3,60,60,75,60,65,Estimated_Market_Data
698,"Noah Lee",Portugal,"Dortmund",CB,17,1,3,60,60,60,80,65,Estimated_Market_Data
699,"Hugo Dubois",Japan,"Ajax",LB,27,4,12,60,60,60,80,65,Estimated_Market_Data
700,"Alex Lee",Belgium,"Nice",LB,34,6,18,61,61,61,81,66,Estimated_Market_Data
701,"Leo O'Neill",France,"Villa",ST,19,31,93,81,86,66,66,71,Estimated_Market_Data
702,"Theo Costa",Japan,"Spurs",RW,18,9,27,76,61,61,61,66,Estimated_Market_Data
703,"Liam Dubois",France,"Man Utd",CAM,24,7,21,61,61,76,61,66,Estimated_Market_Data
704,"Mateo Santos",Portugal,"Spurs",CAM,20,3,9,60,60,75,60,65,Estimated_Market_Data
705,"James Müller",Senegal,"Lazio",CM,26,12,36,62,62,77,62,67,Estimated_Market_Data
706,"Hugo Müller",Italy,"Monaco",CAM,23,12,36,62,62,77,62,67,Estimated_Market_Data
707,"James Lee",Brazil,"Villa",LB,20,3,9,60,60,60,80,65,Estimated_Market_Data
708,"James Lee",Germany,"Man Utd",ST,26,7,21,76,81,61,61,66,Estimated_Market_Data
709,"Mateo Santos",Argentina,"Nice",CDM,31,11,33,62,62,77,62,67,Estimated_Market_Data
710,"Ryan Costa",Spain,"Monaco",GK,17,8,24,61,61,61,61,66,Estimated_Market_Data
711,"Lucas Santos",Germany,"Monaco",LW,29,6,18,76,61,61,61,66,Estimated_Market_Data
712,"Liam Gomez",USA,"Monaco",RB,28,4,12,60,60,60,80,65,Estimated_Market_Data
713,"Enzo O'Neill",USA,"Chelsea",CB,29,11,33,62,62,62,82,67,Estimated_Market_Data
714,"Liam O'Neill",Italy,"Benfica",RB,28,1,3,60,60,60,80,65,Estimated_Market_Data
715,"Santi Santos",Brazil,"Chelsea",RW,20,1,3,75,60,60,60,65,Estimated_Market_Data
716,"Noah Silva",Germany,"Chelsea",RW,28,14,42,77,62,62,62,67,Estimated_Market_Data
717,"Enzo Silva",Japan,"Newcastle",RW,22,11,33,77,62,62,62,67,Estimated_Market_Data
718,"Alex Müller",Brazil,"Ajax",RB,25,3,9,60,60,60,80,65,Estimated_Market_Data
719,"Noah Kim",Japan,"Leipzig",CB,21,40,120,67,67,67,87,72,Estimated_Market_Data
720,"Alex Ivanov",Portugal,"Nice",RW,20,9,27,76,61,61,61,66,Estimated_Market_Data
721,"Leo Costa",Senegal,"Nice",CB,30,12,36,62,62,62,82,67,Estimated_Market_Data
722,"Leo Walker",Netherlands,"Nice",CM,23,3,9,60,60,75,60,65,Estimated_Market_Data
723,"Lucas Silva",Netherlands,"Monaco",LW,19,12,36,77,62,62,62,67,Estimated_Market_Data
724,"Leo Ivanov",USA,"Villa",ST,25,2,6,75,80,60,60,65,Estimated_Market_Data
725,"Lucas O'Neill",France,"Villa",LB,21,11,33,62,62,62,82,67,Estimated_Market_Data
726,"Theo Gomez",USA,"Benfica",CDM,31,8,24,61,61,76,61,66,Estimated_Market_Data
727,"Noah Kim",Belgium,"Villa",CDM,23,11,33,62,62,77,62,67,Estimated_Market_Data
728,"Noah Santos",Netherlands,"Nice",GK,24,10,30,61,61,61,61,66,Estimated_Market_Data
729,"Theo Santos",Netherlands,"Newcastle",GK,28,3,9,60,60,60,60,65,Estimated_Market_Data
730,"Santi Walker",Argentina,"Newcastle",GK,32,4,12,60,60,60,60,65,Estimated_Market_Data
731,"Alex Santos",Argentina,"Monaco",ST,34,4,12,75,80,60,60,65,Estimated_Market_Data
732,"Theo Santos",Argentina,"Dortmund",RW,32,13,39,77,62,62,62,67,Estimated_Market_Data
733,"Hugo Silva",Spain,"Dortmund",LB,32,12,36,62,62,62,82,67,Estimated_Market_Data
734,"Noah Santos",Argentina,"Newcastle",LB,26,1,3,60,60,60,80,65,Estimated_Market_Data
735,"Noah Dubois",Spain,"Monaco",CDM,29,14,42,62,62,77,62,67,Estimated_Market_Data
736,"Hugo Lee",Japan,"Villa",CAM,24,5,15,60,60,75,60,65,Estimated_Market_Data
737,"James Santos",USA,"Man Utd",CM,21,15,45,62,62,77,62,67,Estimated_Market_Data
738,"Alex Ivanov",Netherlands,"Newcastle",LW,18,13,39,77,62,62,62,67,Estimated_Market_Data
739,"Noah Gomez",Japan,"Chelsea",RB,22,2,6,60,60,60,80,65,Estimated_Market_Data
740,"Santi Silva",France,"Lazio",ST,33,4,12,75,80,60,60,65,Estimated_Market_Data
741,"Hugo Silva",Senegal,"Chelsea",LW,29,1,3,75,60,60,60,65,Estimated_Market_Data
742,"Theo Lee",Japan,"Monaco",RW,17,47,141,84,69,69,69,74,Estimated_Market_Data
743,"Liam Ivanov",Spain,"Monaco",CAM,33,3,9,60,60,75,60,65,Estimated_Market_Data
744,"James Lee",Spain,"Monaco",CM,28,3,9,60,60,75,60,65,Estimated_Market_Data
745,"Liam Kim",Brazil,"Villa",CB,30,11,33,62,62,62,82,67,Estimated_Market_Data
746,"Santi Lee",Belgium,"Villa",CM,27,15,45,62,62,77,62,67,Estimated_Market_Data
747,"Mateo Silva",Brazil,"Newcastle",LB,27,1,3,60,60,60,80,65,Estimated_Market_Data
748,"Enzo Walker",France,"Ajax",LB,27,2,6,60,60,60,80,65,Estimated_Market_Data
749,"James Lee",Japan,"Monaco",CAM,19,12,36,62,62,77,62,67,Estimated_Market_Data
750,"James Müller",Brazil,"Spurs",RB,30,5,15,60,60,60,80,65,Estimated_Market_Data
751,"Leo Costa",Argentina,"Villa",LW,18,5,15,75,60,60,60,65,Estimated_Market_Data
752,"James Silva",USA,"Monaco",CM,17,15,45,62,62,77,62,67,Estimated_Market_Data
753,"Hugo Kim",Belgium,"Monaco",GK,22,9,27,61,61,61,61,66,Estimated_Market_Data
754,"Leo Dubois",Japan,"Villa",LW,17,7,21,76,61,61,61,66,Estimated_Market_Data
755,"Liam Ivanov",Spain,"Nice",CB,23,28,84,65,65,65,85,70,Estimated_Market_Data
756,"Lucas O'Neill",Brazil,"Newcastle",CM,27,7,21,61,61,76,61,66,Estimated_Market_Data
757,"Leo Santos",Germany,"Man Utd",ST,28,10,30,76,81,61,61,66,Estimated_Market_Data
758,"Alex Müller",Spain,"Spurs",LB,32,22,66,64,64,64,84,69,Estimated_Market_Data
759,"Santi Gomez",Belgium,"Leipzig",CB,18,11,33,62,62,62,82,67,Estimated_Market_Data
760,"James Santos",France,"Roma",CM,25,7,21,61,61,76,61,66,Estimated_Market_Data
761,"Leo Kim",Portugal,"Benfica",RB,27,11,33,62,62,62,82,67,Estimated_Market_Data
762,"Hugo O'Neill",Italy,"Lazio",LW,21,40,120,82,67,67,67,72,Estimated_Market_Data
763,"Noah Silva",Belgium,"Nice",LB,33,8,24,61,61,61,81,66,Estimated_Market_Data
764,"Leo Dubois",France,"Monaco",LW,29,3,9,75,60,60,60,65,Estimated_Market_Data
765,"Hugo O'Neill",Japan,"Benfica",CDM,25,6,18,61,61,76,61,66,Estimated_Market_Data
766,"Hugo Santos",Argentina,"Lazio",ST,17,14,42,77,82,62,62,67,Estimated_Market_Data
767,"James Gomez",Germany,"Man Utd",ST,27,15,45,77,82,62,62,67,Estimated_Market_Data
768,"Enzo Costa",France,"Leipzig",CB,20,10,30,61,61,61,81,66,Estimated_Market_Data
769,"Leo Dubois",Netherlands,"Newcastle",LB,34,14,42,62,62,62,82,67,Estimated_Market_Data
770,"Lucas Lee",Spain,"Nice",CM,21,4,12,60,60,75,60,65,Estimated_Market_Data
771,"James O'Neill",Netherlands,"Chelsea",CAM,27,4,12,60,60,75,60,65,Estimated_Market_Data
772,"Santi Gomez",France,"Nice",LW,33,8,24,76,61,61,61,66,Estimated_Market_Data
773,"Hugo Kim",USA,"Newcastle",CB,20,4,12,60,60,60,80,65,Estimated_Market_Data
774,"Mateo Gomez",Brazil,"Newcastle",RW,21,2,6,75,60,60,60,65,Estimated_Market_Data
775,"Liam Kim",Brazil,"Man Utd",CDM,24,39,117,67,67,82,67,72,Estimated_Market_Data
776,"Noah Dubois",Senegal,"Lazio",CB,29,4,12,60,60,60,80,65,Estimated_Market_Data
777,"Ryan Gomez",Germany,"Lazio",LB,17,1,3,60,60,60,80,65,Estimated_Market_Data
778,"Lucas Dubois",USA,"Ajax",LB,33,26,78,65,65,65,85,70,Estimated_Market_Data
779,"Hugo Silva",Brazil,"Newcastle",CDM,27,9,27,61,61,76,61,66,Estimated_Market_Data
780,"Mateo O'Neill",Netherlands,"Roma",LW,24,6,18,76,61,61,61,66,Estimated_Market_Data
781,"Enzo O'Neill",France,"Benfica",ST,17,5,15,75,80,60,60,65,Estimated_Market_Data
782,"James Ivanov",Japan,"Monaco",CAM,28,1,3,60,60,75,60,65,Estimated_Market_Data
783,"Noah Santos",Belgium,"Ajax",RB,21,5,15,60,60,60,80,65,Estimated_Market_Data
784,"Hugo Kim",France,"Benfica",GK,33,61,183,71,71,71,71,76,Estimated_Market_Data
785,"Enzo Dubois",USA,"Napoli",CM,30,8,24,61,61,76,61,66,Estimated_Market_Data
786,"Mateo Kim",Brazil,"Nice",CDM,18,8,24,61,61,76,61,66,Estimated_Market_Data
787,"Enzo Ivanov",Italy,"Man Utd",LW,31,15,45,77,62,62,62,67,Estimated_Market_Data
788,"Noah Santos",Senegal,"Roma",LW,19,2,6,75,60,60,60,65,Estimated_Market_Data
789,"Noah Walker",Germany,"Nice",RW,34,10,30,76,61,61,61,66,Estimated_Market_Data
790,"Enzo Ivanov",Germany,"Spurs",LB,27,3,9,60,60,60,80,65,Estimated_Market_Data
791,"Theo O'Neill",France,"Lazio",ST,28,12,36,77,82,62,62,67,Estimated_Market_Data
792,"Leo Silva",Belgium,"Chelsea",ST,27,14,42,77,82,62,62,67,Estimated_Market_Data
793,"Alex Ivanov",Belgium,"Benfica",RW,26,8,24,76,61,61,61,66,Estimated_Market_Data
794,"Alex Kim",France,"Chelsea",CM,30,4,12,60,60,75,60,65,Estimated_Market_Data
795,"Theo Costa",Portugal,"Benfica",RW,24,4,12,75,60,60,60,65,Estimated_Market_Data
796,"James Costa",Senegal,"Nice",RW,27,15,45,77,62,62,62,67,Estimated_Market_Data
797,"James Dubois",USA,"Roma",LB,24,15,45,62,62,62,82,67,Estimated_Market_Data
798,"Theo Lee",Italy,"Napoli",GK,19,9,27,61,61,61,61,66,Estimated_Market_Data
799,"Theo Dubois",Germany,"Dortmund",CB,23,1,3,60,60,60,80,65,Estimated_Market_Data
800,"Alex Müller",Senegal,"Roma",CDM,33,15,45,62,62,77,62,67,Estimated_Market_Data
801,"Noah Dubois",Italy,"Dortmund",RB,22,12,36,62,62,62,82,67,Estimated_Market_Data
802,"Santi Gomez",Netherlands,"Napoli",RB,34,15,45,62,62,62,82,67,Estimated_Market_Data
803,"Hugo Silva",Portugal,"Spurs",LB,25,8,24,61,61,61,81,66,Estimated_Market_Data
804,"Enzo O'Neill",Japan,"Roma",CB,27,3,9,60,60,60,80,65,Estimated_Market_Data
805,"Alex Kim",France,"Spurs",RW,25,11,33,77,62,62,62,67,Estimated_Market_Data
806,"Hugo Costa",Germany,"Monaco",CM,27,10,30,61,61,76,61,66,Estimated_Market_Data
807,"Santi Kim",Germany,"Ajax",RB,18,4,12,60,60,60,80,65,Estimated_Market_Data
808,"James Lee",Spain,"Spurs",RB,17,15,45,62,62,62,82,67,Estimated_Market_Data
809,"Liam Gomez",Germany,"Chelsea",CM,32,12,36,62,62,77,62,67,Estimated_Market_Data
810,"Liam Costa",Argentina,"Spurs",ST,22,9,27,76,81,61,61,66,Estimated_Market_Data
811,"Lucas O'Neill",Japan,"Benfica",GK,25,4,12,60,60,60,60,65,Estimated_Market_Data
812,"Mateo Gomez",Italy,"Roma",CM,18,25,75,64,64,79,64,69,Estimated_Market_Data
813,"Theo Gomez",France,"Chelsea",CAM,27,4,12,60,60,75,60,65,Estimated_Market_Data
814,"Santi Silva",Japan,"Villa",LW,19,6,18,76,61,61,61,66,Estimated_Market_Data
815,"James Costa",Belgium,"Newcastle",LB,21,10,30,61,61,61,81,66,Estimated_Market_Data
816,"Ryan Santos",USA,"Chelsea",CM,24,7,21,61,61,76,61,66,Estimated_Market_Data
817,"Lucas Costa",Argentina,"Roma",LB,23,8,24,61,61,61,81,66,Estimated_Market_Data
818,"Hugo O'Neill",Germany,"Nice",CDM,23,7,21,61,61,76,61,66,Estimated_Market_Data
819,"Hugo Ivanov",Germany,"Napoli",GK,24,3,9,60,60,60,60,65,Estimated_Market_Data
820,"Mateo Lee",Argentina,"Roma",GK,23,10,30,61,61,61,61,66,Estimated_Market_Data
821,"James Gomez",Japan,"Napoli",GK,32,5,15,60,60,60,60,65,Estimated_Market_Data
822,"Mateo O'Neill",Japan,"Monaco",RB,21,1,3,60,60,60,80,65,Estimated_Market_Data
823,"Noah Silva",Germany,"Roma",RB,34,7,21,61,61,61,81,66,Estimated_Market_Data
824,"Ryan Kim",Brazil,"Monaco",ST,29,7,21,76,81,61,61,66,Estimated_Market_Data
825,"Liam Kim",Senegal,"Man Utd",RW,32,15,45,77,62,62,62,67,Estimated_Market_Data
826,"Santi Santos",Japan,"Dortmund",RB,22,13,39,62,62,62,82,67,Estimated_Market_Data
827,"Leo Ivanov",USA,"Dortmund",CB,27,23,69,64,64,64,84,69,Estimated_Market_Data
828,"Mateo Walker",Brazil,"Monaco",RW,17,14,42,77,62,62,62,67,Estimated_Market_Data
829,"Santi Dubois",Japan,"Newcastle",CAM,25,11,33,62,62,77,62,67,Estimated_Market_Data
830,"James O'Neill",Germany,"Spurs",CDM,25,9,27,61,61,76,61,66,Estimated_Market_Data
831,"Ryan Dubois",Italy,"Napoli",RB,27,8,24,61,61,61,81,66,Estimated_Market_Data
832,"Theo Lee",France,"Ajax",CB,29,78,234,75,75,75,95,80,Estimated_Market_Data
833,"Ryan Walker",Senegal,"Man Utd",RB,33,15,45,62,62,62,82,67,Estimated_Market_Data
834,"Santi Müller",Senegal,"Benfica",LW,30,45,135,83,68,68,68,73,Estimated_Market_Data
835,"Mateo Costa",Senegal,"Roma",CDM,27,10,30,61,61,76,61,66,Estimated_Market_Data
836,"Enzo O'Neill",USA,"Ajax",CDM,33,31,93,66,66,81,66,71,Estimated_Market_Data
837,"Lucas Dubois",Germany,"Newcastle",CDM,20,15,45,62,62,77,62,67,Estimated_Market_Data
838,"Leo Ivanov",Portugal,"Roma",RW,33,10,30,76,61,61,61,66,Estimated_Market_Data
839,"Theo Santos",Senegal,"Spurs",RB,27,64,192,72,72,72,92,77,Estimated_Market_Data
840,"Santi Kim",Portugal,"Man Utd",RW,29,3,9,75,60,60,60,65,Estimated_Market_Data
841,"Enzo Lee",Senegal,"Newcastle",CB,19,1,3,60,60,60,80,65,Estimated_Market_Data
842,"Mateo Gomez",France,"Chelsea",CDM,18,10,30,61,61,76,61,66,Estimated_Market_Data
843,"James O'Neill",France,"Napoli",GK,24,20,60,63,63,63,63,68,Estimated_Market_Data
844,"Noah Santos",Senegal,"Chelsea",RB,20,4,12,60,60,60,80,65,Estimated_Market_Data
845,"Leo Santos",Brazil,"Newcastle",RW,28,7,21,76,61,61,61,66,Estimated_Market_Data
846,"Theo Costa",Brazil,"Roma",CAM,19,12,36,62,62,77,62,67,Estimated_Market_Data
847,"Santi Kim",Brazil,"Ajax",LW,18,7,21,76,61,61,61,66,Estimated_Market_Data
848,"Mateo Lee",Argentina,"Monaco",CDM,29,8,24,61,61,76,61,66,Estimated_Market_Data
849,"Hugo Müller",Italy,"Chelsea",CB,21,5,15,60,60,60,80,65,Estimated_Market_Data
850,"Mateo Santos",Japan,"Leipzig",GK,29,13,39,62,62,62,62,67,Estimated_Market_Data
851,"Liam Kim",Germany,"Villa",GK,28,12,36,62,62,62,62,67,Estimated_Market_Data
852,"Leo Silva",Senegal,"Roma",LB,24,13,39,62,62,62,82,67,Estimated_Market_Data
853,"Lucas Müller",Japan,"Man Utd",CDM,32,6,18,61,61,76,61,66,Estimated_Market_Data
854,"James Costa",Germany,"Roma",CB,21,12,36,62,62,62,82,67,Estimated_Market_Data
855,"Lucas Silva",Japan,"Man Utd",CB,26,12,36,62,62,62,82,67,Estimated_Market_Data
856,"Noah Walker",Germany,"Benfica",CAM,25,4,12,60,60,75,60,65,Estimated_Market_Data
857,"Leo O'Neill",Netherlands,"Lazio",GK,33,12,36,62,62,62,62,67,Estimated_Market_Data
858,"Alex Kim",Japan,"Leipzig",GK,22,9,27,61,61,61,61,66,Estimated_Market_Data
859,"Santi Walker",Portugal,"Ajax",ST,18,3,9,75,80,60,60,65,Estimated_Market_Data
860,"Alex Gomez",Japan,"Lazio",GK,24,3,9,60,60,60,60,65,Estimated_Market_Data
861,"Liam Walker",USA,"Napoli",CAM,31,6,18,61,61,76,61,66,Estimated_Market_Data
862,"Alex Costa",Argentina,"Nice",LB,25,15,45,62,62,62,82,67,Estimated_Market_Data
863,"Santi O'Neill",Spain,"Dortmund",RW,19,43,129,83,68,68,68,73,Estimated_Market_Data
864,"Hugo Costa",Japan,"Newcastle",CDM,31,15,45,62,62,77,62,67,Estimated_Market_Data
865,"Noah Dubois",Argentina,"Chelsea",CDM,17,1,3,60,60,75,60,65,Estimated_Market_Data
866,"Hugo Gomez",Italy,"Benfica",CB,29,11,33,62,62,62,82,67,Estimated_Market_Data
867,"Mateo Lee",USA,"Leipzig",ST,20,6,18,76,81,61,61,66,Estimated_Market_Data
868,"Hugo Walker",Japan,"Villa",CM,23,14,42,62,62,77,62,67,Estimated_Market_Data
869,"Liam Dubois",Italy,"Dortmund",CAM,29,4,12,60,60,75,60,65,Estimated_Market_Data
870,"Ryan Costa",France,"Villa",CAM,18,7,21,61,61,76,61,66,Estimated_Market_Data
871,"Leo Müller",France,"Villa",CAM,26,9,27,61,61,76,61,66,Estimated_Market_Data
872,"Hugo O'Neill",Spain,"Chelsea",CAM,26,12,36,62,62,77,62,67,Estimated_Market_Data
873,"Alex Dubois",Japan,"Newcastle",RW,17,14,42,77,62,62,62,67,Estimated_Market_Data
874,"Lucas Müller",Portugal,"Dortmund",LW,25,4,12,75,60,60,60,65,Estimated_Market_Data
875,"James Kim",Japan,"Leipzig",RW,33,28,84,80,65,65,65,70,Estimated_Market_Data
876,"Alex Walker",USA,"Napoli",CDM,31,1,3,60,60,75,60,65,Estimated_Market_Data
877,"Noah Costa",Brazil,"Newcastle",CM,26,5,15,60,60,75,60,65,Estimated_Market_Data
878,"Leo Silva",Netherlands,"Villa",RB,22,3,9,60,60,60,80,65,Estimated_Market_Data
879,"Liam Lee",Brazil,"Leipzig",ST,26,9,27,76,81,61,61,66,Estimated_Market_Data
880,"James Lee",Senegal,"Nice",LW,23,12,36,77,62,62,62,67,Estimated_Market_Data
881,"James Kim",USA,"Spurs",CDM,31,4,12,60,60,75,60,65,Estimated_Market_Data
882,"Leo Kim",Belgium,"Leipzig",CAM,27,13,39,62,62,77,62,67,Estimated_Market_Data
883,"Noah Gomez",Netherlands,"Nice",CB,20,10,30,61,61,61,81,66,Estimated_Market_Data
884,"Alex Walker",France,"Benfica",CB,24,5,15,60,60,60,80,65,Estimated_Market_Data
885,"Lucas Müller",Senegal,"Benfica",CB,20,11,33,62,62,62,82,67,Estimated_Market_Data
886,"Alex O'Neill",Germany,"Napoli",ST,27,6,18,76,81,61,61,66,Estimated_Market_Data
887,"Leo Santos",Japan,"Man Utd",CAM,31,22,66,64,64,79,64,69,Estimated_Market_Data
888,"Alex Gomez",Brazil,"Newcastle",CAM,34,2,6,60,60,75,60,65,Estimated_Market_Data
889,"Lucas Lee",Brazil,"Dortmund",CM,25,6,18,61,61,76,61,66,Estimated_Market_Data
890,"Alex Walker",France,"Newcastle",CM,30,14,42,62,62,77,62,67,Estimated_Market_Data
891,"Theo Gomez",Argentina,"Napoli",LW,26,12,36,77,62,62,62,67,Estimated_Market_Data
892,"Liam O'Neill",Italy,"Lazio",RW,33,14,42,77,62,62,62,67,Estimated_Market_Data
893,"Theo Silva",Italy,"Newcastle",CM,28,3,9,60,60,75,60,65,Estimated_Market_Data
894,"Ryan Kim",Germany,"Newcastle",RB,17,7,21,61,61,61,81,66,Estimated_Market_Data
895,"Santi Walker",Senegal,"Napoli",CAM,33,13,39,62,62,77,62,67,Estimated_Market_Data
896,"Lucas Silva",Belgium,"Roma",ST,23,2,6,75,80,60,60,65,Estimated_Market_Data
897,"Noah O'Neill",Senegal,"Spurs",RB,18,44,132,68,68,68,88,73,Estimated_Market_Data
898,"Santi O'Neill",Netherlands,"Spurs",GK,34,4,12,60,60,60,60,65,Estimated_Market_Data
899,"Ryan O'Neill",Brazil,"Newcastle",CAM,33,61,183,71,71,86,71,76,Estimated_Market_Data
900,"Theo Silva",Japan,"Villa",CAM,26,14,42,62,62,77,62,67,Estimated_Market_Data
901,"Mateo Santos",Italy,"Roma",CAM,29,38,114,67,67,82,67,72,Estimated_Market_Data
902,"Alex Costa",Brazil,"Dortmund",CB,27,1,3,60,60,60,80,65,Estimated_Market_Data
903,"Theo Lee",Argentina,"Roma",GK,20,13,39,62,62,62,62,67,Estimated_Market_Data
904,"Alex Müller",France,"Ajax",RW,26,13,39,77,62,62,62,67,Estimated_Market_Data
905,"Santi Silva",Japan,"Spurs",CM,22,10,30,61,61,76,61,66,Estimated_Market_Data
906,"Hugo Lee",Japan,"Monaco",CAM,34,9,27,61,61,76,61,66,Estimated_Market_Data
907,"Noah Santos",USA,"Monaco",CDM,17,10,30,61,61,76,61,66,Estimated_Market_Data
908,"Ryan Dubois",Germany,"Ajax",LB,17,15,45,62,62,62,82,67,Estimated_Market_Data
909,"James Ivanov",Spain,"Nice",ST,28,3,9,75,80,60,60,65,Estimated_Market_Data
910,"Noah Costa",Portugal,"Monaco",GK,25,6,18,61,61,61,61,66,Estimated_Market_Data
911,"Theo Costa",Brazil,"Napoli",LB,25,11,33,62,62,62,82,67,Estimated_Market_Data
912,"Ryan Walker",Portugal,"Newcastle",GK,28,2,6,60,60,60,60,65,Estimated_Market_Data
913,"Enzo Kim",France,"Leipzig",ST,22,11,33,77,82,62,62,67,Estimated_Market_Data
914,"Leo Dubois",Belgium,"Dortmund",CAM,30,12,36,62,62,77,62,67,Estimated_Market_Data
915,"Ryan Gomez",Brazil,"Benfica",LW,28,7,21,76,61,61,61,66,Estimated_Market_Data
916,"Theo Costa",Senegal,"Benfica",CAM,29,10,30,61,61,76,61,66,Estimated_Market_Data
917,"Liam Costa",Italy,"Newcastle",CB,17,6,18,61,61,61,81,66,Estimated_Market_Data
918,"Ryan Kim",Portugal,"Leipzig",GK,26,15,45,62,62,62,62,67,Estimated_Market_Data
919,"Theo Gomez",Spain,"Napoli",LB,31,12,36,62,62,62,82,67,Estimated_Market_Data
920,"Ryan O'Neill",USA,"Dortmund",CDM,19,11,33,62,62,77,62,67,Estimated_Market_Data
921,"Noah O'Neill",Portugal,"Monaco",LB,33,4,12,60,60,60,80,65,Estimated_Market_Data
922,"Alex Lee",USA,"Monaco",CM,34,2,6,60,60,75,60,65,Estimated_Market_Data
923,"Mateo O'Neill",Argentina,"Ajax",LW,26,5,15,75,60,60,60,65,Estimated_Market_Data
924,"Ryan Santos",Portugal,"Leipzig",CM,32,12,36,62,62,77,62,67,Estimated_Market_Data
925,"Enzo Silva",Argentina,"Spurs",ST,22,9,27,76,81,61,61,66,Estimated_Market_Data
926,"James Ivanov",Spain,"Napoli",LB,23,43,129,68,68,68,88,73,Estimated_Market_Data
927,"Enzo Kim",Senegal,"Napoli",CM,20,1,3,60,60,75,60,65,Estimated_Market_Data
928,"Hugo O'Neill",Netherlands,"Monaco",CDM,29,8,24,61,61,76,61,66,Estimated_Market_Data
929,"Mateo Kim",Germany,"Lazio",CDM,29,9,27,61,61,76,61,66,Estimated_Market_Data
930,"Lucas Kim",Germany,"Ajax",CB,19,15,45,62,62,62,82,67,Estimated_Market_Data
931,"James Costa",Germany,"Monaco",CDM,34,14,42,62,62,77,62,67,Estimated_Market_Data
932,"Ryan Santos",Spain,"Villa",GK,30,7,21,61,61,61,61,66,Estimated_Market_Data
933,"Santi Dubois",Netherlands,"Spurs",ST,20,1,3,75,80,60,60,65,Estimated_Market_Data
934,"Leo Silva",Spain,"Napoli",LW,25,10,30,76,61,61,61,66,Estimated_Market_Data
935,"Theo O'Neill",Belgium,"Villa",ST,32,13,39,77,82,62,62,67,Estimated_Market_Data
936,"Lucas Dubois",Portugal,"Benfica",CDM,21,11,33,62,62,77,62,67,Estimated_Market_Data
937,"Leo Walker",Senegal,"Roma",CB,31,15,45,62,62,62,82,67,Estimated_Market_Data
938,"Leo Lee",Spain,"Monaco",RB,23,8,24,61,61,61,81,66,Estimated_Market_Data
939,"Leo Dubois",France,"Newcastle",LW,33,2,6,75,60,60,60,65,Estimated_Market_Data
940,"Santi Kim",France,"Benfica",LB,23,2,6,60,60,60,80,65,Estimated_Market_Data
941,"James Lee",Germany,"Roma",CB,24,14,42,62,62,62,82,67,Estimated_Market_Data
942,"Lucas Silva",Belgium,"Monaco",CB,19,9,27,61,61,61,81,66,Estimated_Market_Data
943,"James Kim",Spain,"Man Utd",CM,34,12,36,62,62,77,62,67,Estimated_Market_Data
944,"James Dubois",USA,"Dortmund",CAM,22,8,24,61,61,76,61,66,Estimated_Market_Data
945,"Hugo Dubois",USA,"Benfica",ST,22,15,45,77,82,62,62,67,Estimated_Market_Data
946,"Lucas Santos",Portugal,"Lazio",CM,24,13,39,62,62,77,62,67,Estimated_Market_Data
947,"Alex Gomez",Netherlands,"Chelsea",CB,30,9,27,61,61,61,81,66,Estimated_Market_Data
948,"Lucas Dubois",France,"Dortmund",CDM,27,22,66,64,64,79,64,69,Estimated_Market_Data
949,"Lucas Kim",Netherlands,"Spurs",LW,28,41,123,82,67,67,67,72,Estimated_Market_Data
950,"Leo Lee",Belgium,"Man Utd",RB,28,42,126,68,68,68,88,73,Estimated_Market_Data
951,"Liam Costa",Belgium,"Dortmund",LW,31,4,12,75,60,60,60,65,Estimated_Market_Data
952,"Mateo Müller",France,"Napoli",LB,33,13,39,62,62,62,82,67,Estimated_Market_Data
953,"Noah Lee",Germany,"Benfica",RB,29,15,45,62,62,62,82,67,Estimated_Market_Data
954,"Noah Silva",Senegal,"Monaco",CM,27,10,30,61,61,76,61,66,Estimated_Market_Data
955,"Enzo Gomez",Germany,"Ajax",RW,33,1,3,75,60,60,60,65,Estimated_Market_Data
956,"Alex Dubois",Portugal,"Newcastle",CAM,20,15,45,62,62,77,62,67,Estimated_Market_Data
957,"Santi Costa",USA,"Man Utd",ST,28,3,9,75,80,60,60,65,Estimated_Market_Data
958,"Noah Gomez",Belgium,"Nice",RB,25,2,6,60,60,60,80,65,Estimated_Market_Data
959,"Ryan Dubois",Brazil,"Napoli",CM,22,13,39,62,62,77,62,67,Estimated_Market_Data
960,"Leo Santos",Netherlands,"Leipzig",GK,17,13,39,62,62,62,62,67,Estimated_Market_Data
961,"Leo O'Neill",Portugal,"Chelsea",RB,17,5,15,60,60,60,80,65,Estimated_Market_Data
962,"Hugo Ivanov",Argentina,"Dortmund",CM,21,39,117,67,67,82,67,72,Estimated_Market_Data
963,"Lucas Dubois",Germany,"Chelsea",ST,34,13,39,77,82,62,62,67,Estimated_Market_Data
964,"Lucas Ivanov",Italy,"Nice",RB,26,35,105,66,66,66,86,71,Estimated_Market_Data
965,"Enzo Dubois",USA,"Spurs",CB,21,8,24,61,61,61,81,66,Estimated_Market_Data
966,"Noah Lee",Portugal,"Lazio",LW,34,14,42,77,62,62,62,67,Estimated_Market_Data
967,"Mateo Kim",Argentina,"Chelsea",RB,31,8,24,61,61,61,81,66,Estimated_Market_Data
968,"Alex O'Neill",Spain,"Spurs",ST,25,13,39,77,82,62,62,67,Estimated_Market_Data
969,"Ryan Dubois",USA,"Benfica",GK,29,11,33,62,62,62,62,67,Estimated_Market_Data
970,"Alex Costa",Spain,"Leipzig",LB,22,11,33,62,62,62,82,67,Estimated_Market_Data
971,"James Walker",France,"Villa",ST,21,12,36,77,82,62,62,67,Estimated_Market_Data
972,"Santi Müller",France,"Roma",CDM,23,11,33,62,62,77,62,67,Estimated_Market_Data
973,"Santi Gomez",USA,"Roma",LW,19,1,3,75,60,60,60,65,Estimated_Market_Data
974,"James Costa",Germany,"Chelsea",GK,23,39,117,67,67,67,67,72,Estimated_Market_Data
975,"Leo Santos",Argentina,"Spurs",RB,19,7,21,61,61,61,81,66,Estimated_Market_Data
976,"Lucas O'Neill",Belgium,"Leipzig",LB,24,15,45,62,62,62,82,67,Estimated_Market_Data
977,"Theo Dubois",France,"Man Utd",CM,23,6,18,61,61,76,61,66,Estimated_Market_Data
978,"Noah Lee",Italy,"Newcastle",ST,20,8,24,76,81,61,61,66,Estimated_Market_Data
979,"Theo Walker",USA,"Monaco",RB,27,3,9,60,60,60,80,65,Estimated_Market_Data
980,"Noah Silva",Spain,"Ajax",RW,30,12,36,77,62,62,62,67,Estimated_Market_Data
981,"Leo Ivanov",Germany,"Lazio",RB,31,12,36,62,62,62,82,67,Estimated_Market_Data
982,"Enzo Santos",Argentina,"Spurs",CAM,22,5,15,60,60,75,60,65,Estimated_Market_Data
983,"Liam Müller",Argentina,"Man Utd",CB,19,6,18,61,61,61,81,66,Estimated_Market_Data
984,"James Müller",Belgium,"Newcastle",CB,31,22,66,64,64,64,84,69,Estimated_Market_Data
985,"Enzo Gomez",Belgium,"Leipzig",CDM,21,29,87,65,65,80,65,70,Estimated_Market_Data
986,"James Ivanov",Senegal,"Napoli",LB,23,3,9,60,60,60,80,65,Estimated_Market_Data
987,"Alex Ivanov",Germany,"Benfica",ST,33,2,6,75,80,60,60,65,Estimated_Market_Data
988,"Noah Müller",Japan,"Roma",GK,32,5,15,60,60,60,60,65,Estimated_Market_Data
989,"Hugo Gomez",Belgium,"Roma",LB,25,14,42,62,62,62,82,67,Estimated_Market_Data
990,"James Müller",Portugal,"Benfica",CB,32,10,30,61,61,61,81,66,Estimated_Market_Data
991,"Santi Lee",Netherlands,"Dortmund",CDM,19,8,24,61,61,76,61,66,Estimated_Market_Data
992,"Enzo Dubois",Portugal,"Newcastle",CDM,33,4,12,60,60,75,60,65,Estimated_Market_Data
993,"Santi Walker",Italy,"Roma",LB,31,4,12,60,60,60,80,65,Estimated_Market_Data
994,"Leo Costa",Belgium,"Dortmund",LB,21,12,36,62,62,62,82,67,Estimated_Market_Data
995,"Theo Müller",USA,"Benfica",LB,34,3,9,60,60,60,80,65,Estimated_Market_Data
996,"Noah Silva",USA,"Monaco",ST,19,7,21,76,81,61,61,66,Estimated_Market_Data
997,"James Santos",USA,"Benfica",LB,32,3,9,60,60,60,80,65,Estimated_Market_Data
998,"Ryan O'Neill",Netherlands,"Lazio",RW,30,4,12,75,60,60,60,65,Estimated_Market_Data
999,"James Gomez",Brazil,"Roma",RB,27,13,39,62,62,62,82,67,Estimated_Market_Data
1000,"Alex Ivanov",Belgium,"Monaco",CDM,24,13,39,62,62,77,62,67,Estimated_Market_Data
